match_type,scenario,agent,agent_mode,opponent,opponent_mode,family,agent_first,runs,advantage,concealing,score
panel,Amsterdam,NoamNeg,gradient,SimpleNegotiator,reverse-ufun + time concede,example,first,2,0.5929368029739777,0.5579766267265234,1.150913429700501
panel,Amsterdam,NoamNeg,gradient,SimpleNegotiator,reverse-ufun + time concede,example,second,2,0.6558219178082191,0.575500777331647,1.2313226951398661
panel,Amsterdam,NoamNeg,gradient,BOANeg,BOA: time offer + Smith + ACNext,example,first,2,0.7100371747211895,0.4639416799509445,1.173978854672134
panel,Amsterdam,NoamNeg,gradient,BOANeg,BOA: time offer + Smith + ACNext,example,second,2,0.6198630136986301,0.4921957311283762,1.1120587448270065
panel,Amsterdam,NoamNeg,gradient,MAPNeg,"MAP: same stack, acceptance_first",example,first,2,0.7100371747211895,0.46783080696543144,1.1778679816866209
panel,Amsterdam,NoamNeg,gradient,MAPNeg,"MAP: same stack, acceptance_first",example,second,2,0.732876712328767,0.494152958796078,1.227029671124845
panel,Amsterdam,NoamNeg,gradient,BoulwareTBNegotiator,slow concession (Boulware),time-based,first,2,0.7100371747211895,1.0,1.7100371747211895
panel,Amsterdam,NoamNeg,gradient,BoulwareTBNegotiator,slow concession (Boulware),time-based,second,2,0.6198630136986301,1.0,1.61986301369863
panel,Amsterdam,NoamNeg,gradient,ConcederTBNegotiator,fast concession,time-based,first,2,0.7546468401486989,1.0,1.7546468401486988
panel,Amsterdam,NoamNeg,gradient,ConcederTBNegotiator,fast concession,time-based,second,2,0.6181506849315068,1.0,1.6181506849315068
panel,Amsterdam,NoamNeg,gradient,LinearTBNegotiator,linear time concession,time-based,first,2,0.503717472118959,1.0,1.503717472118959
panel,Amsterdam,NoamNeg,gradient,LinearTBNegotiator,linear time concession,time-based,second,2,0.7243150684931507,1.0,1.7243150684931507
panel,Amsterdam,NoamNeg,gradient,ToughNegotiator,"hard line, slow give",time-based,first,2,0.30855018587360594,1.0,1.308550185873606
panel,Amsterdam,NoamNeg,gradient,ToughNegotiator,"hard line, slow give",time-based,second,2,0.47260273972602734,1.0,1.4726027397260273
panel,Amsterdam,NoamNeg,gradient,MiCRONegotiator,MiCRO (Genius-style),genius-style,first,2,0.5576208178438662,1.0,1.5576208178438662
panel,Amsterdam,NoamNeg,gradient,MiCRONegotiator,MiCRO (Genius-style),genius-style,second,2,0.6369863013698629,1.0,1.636986301369863
panel,Amsterdam,NoamNeg,gradient,TimeBasedNegotiator,generic time-based,time-based,first,2,0.7100371747211895,1.0,1.7100371747211895
panel,Amsterdam,NoamNeg,gradient,TimeBasedNegotiator,generic time-based,time-based,second,2,0.6455479452054794,1.0,1.6455479452054793
panel,Amsterdam,NoamNeg,gradient,AspirationNegotiator,aspiration-based,time-based,first,2,0.7100371747211895,1.0,1.7100371747211895
panel,Amsterdam,NoamNeg,gradient,AspirationNegotiator,aspiration-based,time-based,second,2,0.6198630136986301,1.0,1.61986301369863
panel,Amsterdam,NoamNeg,gradient,HybridNegotiator,hybrid time + utility,hybrid,first,2,0.5223048327137547,1.0,1.5223048327137547
panel,Amsterdam,NoamNeg,gradient,HybridNegotiator,hybrid time + utility,hybrid,second,2,0.6712328767123287,1.0,1.6712328767123288
panel,Amsterdam,NoamNeg,gradient,RandomNegotiator,random rational offers,baseline,first,2,0.6858736059479553,1.0,1.6858736059479553
panel,Amsterdam,NoamNeg,gradient,RandomNegotiator,random rational offers,baseline,second,2,0.6267123287671234,1.0,1.6267123287671232
panel,Amsterdam,NoamNeg,gradient,FirstOfferOrientedTBNegotiator,anchors on first offer,oriented,first,2,0.7007434944237918,1.0,1.7007434944237918
panel,Amsterdam,NoamNeg,gradient,FirstOfferOrientedTBNegotiator,anchors on first offer,oriented,second,2,0.6198630136986301,1.0,1.61986301369863
panel,Amsterdam,NoamNeg,gradient,LastOfferOrientedTBNegotiator,follows last offer,oriented,first,2,0.7434944237918215,1.0,1.7434944237918215
panel,Amsterdam,NoamNeg,gradient,LastOfferOrientedTBNegotiator,follows last offer,oriented,second,2,0.6198630136986301,1.0,1.61986301369863
panel,Amsterdam,NoamNeg,gradient,BestOfferOrientedTBNegotiator,tracks best offer seen,oriented,first,2,0.7100371747211895,1.0,1.7100371747211895
panel,Amsterdam,NoamNeg,gradient,BestOfferOrientedTBNegotiator,tracks best offer seen,oriented,second,2,0.6215753424657534,1.0,1.6215753424657535
panel,Amsterdam,NoamNegFull,full,SimpleNegotiator,reverse-ufun + time concede,example,first,2,0.4907063197026022,0.5594194193844314,1.0501257390870335
panel,Amsterdam,NoamNegFull,full,SimpleNegotiator,reverse-ufun + time concede,example,second,2,0.631849315068493,0.5741448747925301,1.2059941898610231
panel,Amsterdam,NoamNegFull,full,BOANeg,BOA: time offer + Smith + ACNext,example,first,2,0.7100371747211895,0.517733143100374,1.2277703178215635
panel,Amsterdam,NoamNegFull,full,BOANeg,BOA: time offer + Smith + ACNext,example,second,2,0.6198630136986301,0.5398018616708748,1.159664875369505
panel,Amsterdam,NoamNegFull,full,MAPNeg,"MAP: same stack, acceptance_first",example,first,2,0.7100371747211895,0.5157722905010909,1.2258094652222806
panel,Amsterdam,NoamNegFull,full,MAPNeg,"MAP: same stack, acceptance_first",example,second,2,0.6198630136986301,0.5423798740233368,1.1622428877219668
panel,Amsterdam,NoamNegFull,full,BoulwareTBNegotiator,slow concession (Boulware),time-based,first,2,0.7100371747211895,1.0,1.7100371747211895
panel,Amsterdam,NoamNegFull,full,BoulwareTBNegotiator,slow concession (Boulware),time-based,second,2,0.6198630136986301,1.0,1.61986301369863
panel,Amsterdam,NoamNegFull,full,ConcederTBNegotiator,fast concession,time-based,first,2,0.7546468401486989,1.0,1.7546468401486988
panel,Amsterdam,NoamNegFull,full,ConcederTBNegotiator,fast concession,time-based,second,2,0.6267123287671232,1.0,1.6267123287671232
panel,Amsterdam,NoamNegFull,full,LinearTBNegotiator,linear time concession,time-based,first,2,0.5464684014869888,1.0,1.546468401486989
panel,Amsterdam,NoamNegFull,full,LinearTBNegotiator,linear time concession,time-based,second,2,0.6849315068493149,1.0,1.684931506849315
panel,Amsterdam,NoamNegFull,full,ToughNegotiator,"hard line, slow give",time-based,first,2,0.30855018587360594,1.0,1.308550185873606
panel,Amsterdam,NoamNegFull,full,ToughNegotiator,"hard line, slow give",time-based,second,2,0.47260273972602734,1.0,1.4726027397260273
panel,Amsterdam,NoamNegFull,full,MiCRONegotiator,MiCRO (Genius-style),genius-style,first,2,0.6059479553903345,1.0,1.6059479553903344
panel,Amsterdam,NoamNegFull,full,MiCRONegotiator,MiCRO (Genius-style),genius-style,second,2,0.6044520547945205,1.0,1.6044520547945205
panel,Amsterdam,NoamNegFull,full,TimeBasedNegotiator,generic time-based,time-based,first,2,0.7100371747211895,1.0,1.7100371747211895
panel,Amsterdam,NoamNegFull,full,TimeBasedNegotiator,generic time-based,time-based,second,2,0.6198630136986301,1.0,1.61986301369863
panel,Amsterdam,NoamNegFull,full,AspirationNegotiator,aspiration-based,time-based,first,2,0.7100371747211895,1.0,1.7100371747211895
panel,Amsterdam,NoamNegFull,full,AspirationNegotiator,aspiration-based,time-based,second,2,0.6198630136986301,1.0,1.61986301369863
panel,Amsterdam,NoamNegFull,full,HybridNegotiator,hybrid time + utility,hybrid,first,2,0.5130111524163569,1.0,1.5130111524163568
panel,Amsterdam,NoamNegFull,full,HybridNegotiator,hybrid time + utility,hybrid,second,2,0.6849315068493149,1.0,1.684931506849315
panel,Amsterdam,NoamNegFull,full,RandomNegotiator,random rational offers,baseline,first,2,0.5464684014869888,1.0,1.546468401486989
panel,Amsterdam,NoamNegFull,full,RandomNegotiator,random rational offers,baseline,second,2,0.6318493150684932,1.0,1.631849315068493
panel,Amsterdam,NoamNegFull,full,FirstOfferOrientedTBNegotiator,anchors on first offer,oriented,first,2,0.7100371747211895,1.0,1.7100371747211895
panel,Amsterdam,NoamNegFull,full,FirstOfferOrientedTBNegotiator,anchors on first offer,oriented,second,2,0.6198630136986301,1.0,1.61986301369863
panel,Amsterdam,NoamNegFull,full,LastOfferOrientedTBNegotiator,follows last offer,oriented,first,2,0.7100371747211895,1.0,1.7100371747211895
panel,Amsterdam,NoamNegFull,full,LastOfferOrientedTBNegotiator,follows last offer,oriented,second,2,0.6900684931506849,1.0,1.6900684931506849
panel,Amsterdam,NoamNegFull,full,BestOfferOrientedTBNegotiator,tracks best offer seen,oriented,first,2,0.7100371747211895,1.0,1.7100371747211895
panel,Amsterdam,NoamNegFull,full,BestOfferOrientedTBNegotiator,tracks best offer seen,oriented,second,2,0.6198630136986301,1.0,1.61986301369863
panel,Amsterdam,NoamNegReverse,reverse,SimpleNegotiator,reverse-ufun + time concede,example,first,2,0.7769516728624535,0.548134679425247,1.3250863522877006
panel,Amsterdam,NoamNegReverse,reverse,SimpleNegotiator,reverse-ufun + time concede,example,second,2,0.9349315068493151,0.5843817710369545,1.5193132778862697
panel,Amsterdam,NoamNegReverse,reverse,BOANeg,BOA: time offer + Smith + ACNext,example,first,2,0.7100371747211895,0.4673390955767757,1.1773762702979653
panel,Amsterdam,NoamNegReverse,reverse,BOANeg,BOA: time offer + Smith + ACNext,example,second,2,0.6198630136986301,0.5071575492876171,1.1270205629862473
panel,Amsterdam,NoamNegReverse,reverse,MAPNeg,"MAP: same stack, acceptance_first",example,first,2,0.7100371747211895,0.46627311339918,1.1763102881203698
panel,Amsterdam,NoamNegReverse,reverse,MAPNeg,"MAP: same stack, acceptance_first",example,second,2,0.6198630136986301,0.5041589894449527,1.1240220031435828
panel,Amsterdam,NoamNegReverse,reverse,BoulwareTBNegotiator,slow concession (Boulware),time-based,first,2,0.7100371747211895,1.0,1.7100371747211895
panel,Amsterdam,NoamNegReverse,reverse,BoulwareTBNegotiator,slow concession (Boulware),time-based,second,2,0.6198630136986301,1.0,1.61986301369863
panel,Amsterdam,NoamNegReverse,reverse,ConcederTBNegotiator,fast concession,time-based,first,2,0.9330855018587361,1.0,1.933085501858736
panel,Amsterdam,NoamNegReverse,reverse,ConcederTBNegotiator,fast concession,time-based,second,2,0.9212328767123288,1.0,1.9212328767123288
panel,Amsterdam,NoamNegReverse,reverse,LinearTBNegotiator,linear time concession,time-based,first,2,0.8438661710037174,1.0,1.8438661710037176
panel,Amsterdam,NoamNegReverse,reverse,LinearTBNegotiator,linear time concession,time-based,second,2,0.9126712328767124,1.0,1.9126712328767124
panel,Amsterdam,NoamNegReverse,reverse,ToughNegotiator,"hard line, slow give",time-based,first,2,0.30855018587360594,1.0,1.308550185873606
panel,Amsterdam,NoamNegReverse,reverse,ToughNegotiator,"hard line, slow give",time-based,second,2,0.47260273972602734,1.0,1.4726027397260273
panel,Amsterdam,NoamNegReverse,reverse,MiCRONegotiator,MiCRO (Genius-style),genius-style,first,2,0.6914498141263941,1.0,1.691449814126394
panel,Amsterdam,NoamNegReverse,reverse,MiCRONegotiator,MiCRO (Genius-style),genius-style,second,2,0.7363013698630136,1.0,1.7363013698630136
panel,Amsterdam,NoamNegReverse,reverse,TimeBasedNegotiator,generic time-based,time-based,first,2,0.7100371747211895,1.0,1.7100371747211895
panel,Amsterdam,NoamNegReverse,reverse,TimeBasedNegotiator,generic time-based,time-based,second,2,0.6198630136986301,1.0,1.61986301369863
panel,Amsterdam,NoamNegReverse,reverse,AspirationNegotiator,aspiration-based,time-based,first,2,0.6784386617100371,1.0,1.6784386617100373
panel,Amsterdam,NoamNegReverse,reverse,AspirationNegotiator,aspiration-based,time-based,second,2,0.6198630136986301,1.0,1.61986301369863
panel,Amsterdam,NoamNegReverse,reverse,HybridNegotiator,hybrid time + utility,hybrid,first,2,0.8011152416356877,1.0,1.8011152416356877
panel,Amsterdam,NoamNegReverse,reverse,HybridNegotiator,hybrid time + utility,hybrid,second,2,0.7773972602739725,1.0,1.7773972602739725
panel,Amsterdam,NoamNegReverse,reverse,RandomNegotiator,random rational offers,baseline,first,2,0.8866171003717471,0.5,1.3866171003717471
panel,Amsterdam,NoamNegReverse,reverse,RandomNegotiator,random rational offers,baseline,second,2,0.946917808219178,1.0,1.9469178082191783
panel,Amsterdam,NoamNegReverse,reverse,FirstOfferOrientedTBNegotiator,anchors on first offer,oriented,first,2,0.7100371747211895,1.0,1.7100371747211895
panel,Amsterdam,NoamNegReverse,reverse,FirstOfferOrientedTBNegotiator,anchors on first offer,oriented,second,2,0.6198630136986301,1.0,1.61986301369863
panel,Amsterdam,NoamNegReverse,reverse,LastOfferOrientedTBNegotiator,follows last offer,oriented,first,2,0.7100371747211895,1.0,1.7100371747211895
panel,Amsterdam,NoamNegReverse,reverse,LastOfferOrientedTBNegotiator,follows last offer,oriented,second,2,0.6198630136986301,1.0,1.61986301369863
panel,Amsterdam,NoamNegReverse,reverse,BestOfferOrientedTBNegotiator,tracks best offer seen,oriented,first,2,0.7100371747211895,1.0,1.7100371747211895
panel,Amsterdam,NoamNegReverse,reverse,BestOfferOrientedTBNegotiator,tracks best offer seen,oriented,second,2,0.6198630136986301,1.0,1.61986301369863
panel,Camera,NoamNeg,gradient,SimpleNegotiator,reverse-ufun + time concede,example,first,2,0.5977108230937552,0.6211908044706633,1.2189016275644184
panel,Camera,NoamNeg,gradient,SimpleNegotiator,reverse-ufun + time concede,example,second,2,0.5743564108972757,0.6211094122702909,1.1954658231675666
panel,Camera,NoamNeg,gradient,BOANeg,BOA: time offer + Smith + ACNext,example,first,2,0.6204342703248611,0.4803462588424717,1.100780529167333
panel,Camera,NoamNeg,gradient,BOANeg,BOA: time offer + Smith + ACNext,example,second,2,0.6653336665833542,0.48750533063109236,1.1528389972144466
panel,Camera,NoamNeg,gradient,MAPNeg,"MAP: same stack, acceptance_first",example,first,2,0.6204342703248611,0.4780822237058985,1.0985164940307595
panel,Camera,NoamNeg,gradient,MAPNeg,"MAP: same stack, acceptance_first",example,second,2,0.6653336665833542,0.4943984897483419,1.159732156331696
panel,Camera,NoamNeg,gradient,BoulwareTBNegotiator,slow concession (Boulware),time-based,first,2,0.6204342703248611,1.0,1.620434270324861
panel,Camera,NoamNeg,gradient,BoulwareTBNegotiator,slow concession (Boulware),time-based,second,2,0.6653336665833542,1.0,1.6653336665833542
panel,Camera,NoamNeg,gradient,ConcederTBNegotiator,fast concession,time-based,first,2,0.570526847332099,1.0,1.570526847332099
panel,Camera,NoamNeg,gradient,ConcederTBNegotiator,fast concession,time-based,second,2,0.6102224443889028,1.0,1.6102224443889028
panel,Camera,NoamNeg,gradient,LinearTBNegotiator,linear time concession,time-based,first,2,0.8643326039387308,1.0,1.8643326039387307
panel,Camera,NoamNeg,gradient,LinearTBNegotiator,linear time concession,time-based,second,2,0.5606098475381156,1.0,1.5606098475381156
panel,Camera,NoamNeg,gradient,ToughNegotiator,"hard line, slow give",time-based,first,2,0.26931493014644,1.0,1.26931493014644
panel,Camera,NoamNeg,gradient,ToughNegotiator,"hard line, slow give",time-based,second,2,0.4558860284928768,1.0,1.4558860284928767
panel,Camera,NoamNeg,gradient,MiCRONegotiator,MiCRO (Genius-style),genius-style,first,2,0.5668237670425853,1.0,1.5668237670425853
panel,Camera,NoamNeg,gradient,MiCRONegotiator,MiCRO (Genius-style),genius-style,second,2,0.5914771307173208,1.0,1.5914771307173208
panel,Camera,NoamNeg,gradient,TimeBasedNegotiator,generic time-based,time-based,first,2,0.6204342703248611,1.0,1.620434270324861
panel,Camera,NoamNeg,gradient,TimeBasedNegotiator,generic time-based,time-based,second,2,0.6653336665833542,1.0,1.6653336665833542
panel,Camera,NoamNeg,gradient,AspirationNegotiator,aspiration-based,time-based,first,2,0.6805251641137855,1.0,1.6805251641137855
panel,Camera,NoamNeg,gradient,AspirationNegotiator,aspiration-based,time-based,second,2,0.6653336665833542,1.0,1.6653336665833542
panel,Camera,NoamNeg,gradient,HybridNegotiator,hybrid time + utility,hybrid,first,2,0.8230095943443865,1.0,1.8230095943443865
panel,Camera,NoamNeg,gradient,HybridNegotiator,hybrid time + utility,hybrid,second,2,0.6125968507873032,1.0,1.6125968507873032
panel,Camera,NoamNeg,gradient,RandomNegotiator,random rational offers,baseline,first,2,0.27571115973741794,1.0,1.275711159737418
panel,Camera,NoamNeg,gradient,RandomNegotiator,random rational offers,baseline,second,2,0.37503124218945266,1.0,1.3750312421894526
panel,Camera,NoamNeg,gradient,FirstOfferOrientedTBNegotiator,anchors on first offer,oriented,first,2,0.6204342703248611,1.0,1.620434270324861
panel,Camera,NoamNeg,gradient,FirstOfferOrientedTBNegotiator,anchors on first offer,oriented,second,2,0.6653336665833542,1.0,1.6653336665833542
panel,Camera,NoamNeg,gradient,LastOfferOrientedTBNegotiator,follows last offer,oriented,first,2,0.6222858104696178,1.0,1.6222858104696178
panel,Camera,NoamNeg,gradient,LastOfferOrientedTBNegotiator,follows last offer,oriented,second,2,0.6653336665833542,1.0,1.6653336665833542
panel,Camera,NoamNeg,gradient,BestOfferOrientedTBNegotiator,tracks best offer seen,oriented,first,2,0.6204342703248611,1.0,1.620434270324861
panel,Camera,NoamNeg,gradient,BestOfferOrientedTBNegotiator,tracks best offer seen,oriented,second,2,0.6653336665833542,1.0,1.6653336665833542
panel,Camera,NoamNegFull,full,SimpleNegotiator,reverse-ufun + time concede,example,first,2,0.6241373506143746,0.6192829402465182,1.2434202908608927
panel,Camera,NoamNegFull,full,SimpleNegotiator,reverse-ufun + time concede,example,second,2,0.5606098475381156,0.6242744545993482,1.1848843021374638
panel,Camera,NoamNegFull,full,BOANeg,BOA: time offer + Smith + ACNext,example,first,2,0.6936542669584245,0.5356976747761328,1.2293519417345573
panel,Camera,NoamNegFull,full,BOANeg,BOA: time offer + Smith + ACNext,example,second,2,0.6653336665833542,0.5125767285899918,1.177910395173346
panel,Camera,NoamNegFull,full,MAPNeg,"MAP: same stack, acceptance_first",example,first,2,0.6204342703248611,0.5298638697332457,1.1502981400581067
panel,Camera,NoamNegFull,full,MAPNeg,"MAP: same stack, acceptance_first",example,second,2,0.6653336665833542,0.5057018471040587,1.171035513687413
panel,Camera,NoamNegFull,full,BoulwareTBNegotiator,slow concession (Boulware),time-based,first,2,0.7010604275374516,1.0,1.7010604275374517
panel,Camera,NoamNegFull,full,BoulwareTBNegotiator,slow concession (Boulware),time-based,second,2,0.6653336665833542,1.0,1.6653336665833542
panel,Camera,NoamNegFull,full,ConcederTBNegotiator,fast concession,time-based,first,2,0.8845312236997138,1.0,1.8845312236997138
panel,Camera,NoamNegFull,full,ConcederTBNegotiator,fast concession,time-based,second,2,0.572356910772307,1.0,1.572356910772307
panel,Camera,NoamNegFull,full,LinearTBNegotiator,linear time concession,time-based,first,2,0.6241373506143746,1.0,1.6241373506143746
panel,Camera,NoamNegFull,full,LinearTBNegotiator,linear time concession,time-based,second,2,0.522369407648088,1.0,1.522369407648088
panel,Camera,NoamNegFull,full,ToughNegotiator,"hard line, slow give",time-based,first,2,0.26931493014644,1.0,1.26931493014644
panel,Camera,NoamNegFull,full,ToughNegotiator,"hard line, slow give",time-based,second,2,0.4558860284928768,1.0,1.4558860284928767
panel,Camera,NoamNegFull,full,MiCRONegotiator,MiCRO (Genius-style),genius-style,first,2,0.37636761487964987,1.0,1.37636761487965
panel,Camera,NoamNegFull,full,MiCRONegotiator,MiCRO (Genius-style),genius-style,second,2,0.5841039740064985,1.0,1.5841039740064984
panel,Camera,NoamNegFull,full,TimeBasedNegotiator,generic time-based,time-based,first,2,0.6204342703248611,1.0,1.620434270324861
panel,Camera,NoamNegFull,full,TimeBasedNegotiator,generic time-based,time-based,second,2,0.6653336665833542,1.0,1.6653336665833542
panel,Camera,NoamNegFull,full,AspirationNegotiator,aspiration-based,time-based,first,2,0.6805251641137855,1.0,1.6805251641137855
panel,Camera,NoamNegFull,full,AspirationNegotiator,aspiration-based,time-based,second,2,0.6653336665833542,1.0,1.6653336665833542
panel,Camera,NoamNegFull,full,HybridNegotiator,hybrid time + utility,hybrid,first,2,0.6321326376030971,1.0,1.6321326376030971
panel,Camera,NoamNegFull,full,HybridNegotiator,hybrid time + utility,hybrid,second,2,0.5841039740064985,1.0,1.5841039740064984
panel,Camera,NoamNegFull,full,RandomNegotiator,random rational offers,baseline,first,2,0.5844133984177748,1.0,1.5844133984177748
panel,Camera,NoamNegFull,full,RandomNegotiator,random rational offers,baseline,second,2,0.6208447888027993,1.0,1.6208447888027993
panel,Camera,NoamNegFull,full,FirstOfferOrientedTBNegotiator,anchors on first offer,oriented,first,2,0.6204342703248611,1.0,1.620434270324861
panel,Camera,NoamNegFull,full,FirstOfferOrientedTBNegotiator,anchors on first offer,oriented,second,2,0.6653336665833542,1.0,1.6653336665833542
panel,Camera,NoamNegFull,full,LastOfferOrientedTBNegotiator,follows last offer,oriented,first,2,0.6204342703248611,1.0,1.620434270324861
panel,Camera,NoamNegFull,full,LastOfferOrientedTBNegotiator,follows last offer,oriented,second,2,0.6653336665833542,1.0,1.6653336665833542
panel,Camera,NoamNegFull,full,BestOfferOrientedTBNegotiator,tracks best offer seen,oriented,first,2,0.6204342703248611,1.0,1.620434270324861
panel,Camera,NoamNegFull,full,BestOfferOrientedTBNegotiator,tracks best offer seen,oriented,second,2,0.6653336665833542,1.0,1.6653336665833542
panel,Camera,NoamNegReverse,reverse,SimpleNegotiator,reverse-ufun + time concede,example,first,2,0.8643326039387308,0.6236118603865918,1.4879444643253226
panel,Camera,NoamNegReverse,reverse,SimpleNegotiator,reverse-ufun + time concede,example,second,2,0.7758060484878782,0.6373241840051729,1.413130232493051
panel,Camera,NoamNegReverse,reverse,BOANeg,BOA: time offer + Smith + ACNext,example,first,2,0.6204342703248611,0.48631833840741306,1.106752608732274
panel,Camera,NoamNegReverse,reverse,BOANeg,BOA: time offer + Smith + ACNext,example,second,2,0.6653336665833542,0.4951029625648453,1.1604366291481996
panel,Camera,NoamNegReverse,reverse,MAPNeg,"MAP: same stack, acceptance_first",example,first,2,0.6822083824272007,0.48718040064427015,1.1693887830714709
panel,Camera,NoamNegReverse,reverse,MAPNeg,"MAP: same stack, acceptance_first",example,second,2,0.6653336665833542,0.4939052066843985,1.1592388732677528
panel,Camera,NoamNegReverse,reverse,BoulwareTBNegotiator,slow concession (Boulware),time-based,first,2,0.6204342703248611,1.0,1.620434270324861
panel,Camera,NoamNegReverse,reverse,BoulwareTBNegotiator,slow concession (Boulware),time-based,second,2,0.6653336665833542,1.0,1.6653336665833542
panel,Camera,NoamNegReverse,reverse,ConcederTBNegotiator,fast concession,time-based,first,2,0.885877798350446,1.0,1.885877798350446
panel,Camera,NoamNegReverse,reverse,ConcederTBNegotiator,fast concession,time-based,second,2,0.9190202449387654,1.0,1.9190202449387654
panel,Camera,NoamNegReverse,reverse,LinearTBNegotiator,linear time concession,time-based,first,2,0.8643326039387308,1.0,1.8643326039387307
panel,Camera,NoamNegReverse,reverse,LinearTBNegotiator,linear time concession,time-based,second,2,0.8372906773306674,1.0,1.8372906773306674
panel,Camera,NoamNegReverse,reverse,ToughNegotiator,"hard line, slow give",time-based,first,2,0.26931493014644,1.0,1.26931493014644
panel,Camera,NoamNegReverse,reverse,ToughNegotiator,"hard line, slow give",time-based,second,2,0.4558860284928768,1.0,1.4558860284928767
panel,Camera,NoamNegReverse,reverse,MiCRONegotiator,MiCRO (Genius-style),genius-style,first,2,0.3775458676990406,1.0,1.3775458676990406
panel,Camera,NoamNegReverse,reverse,MiCRONegotiator,MiCRO (Genius-style),genius-style,second,2,0.7530617345663585,1.0,1.7530617345663586
panel,Camera,NoamNegReverse,reverse,TimeBasedNegotiator,generic time-based,time-based,first,2,0.6204342703248611,1.0,1.620434270324861
panel,Camera,NoamNegReverse,reverse,TimeBasedNegotiator,generic time-based,time-based,second,2,0.6653336665833542,1.0,1.6653336665833542
panel,Camera,NoamNegReverse,reverse,AspirationNegotiator,aspiration-based,time-based,first,2,0.6805251641137855,1.0,1.6805251641137855
panel,Camera,NoamNegReverse,reverse,AspirationNegotiator,aspiration-based,time-based,second,2,0.6653336665833542,1.0,1.6653336665833542
panel,Camera,NoamNegReverse,reverse,HybridNegotiator,hybrid time + utility,hybrid,first,2,0.7215115300454469,1.0,1.7215115300454469
panel,Camera,NoamNegReverse,reverse,HybridNegotiator,hybrid time + utility,hybrid,second,2,0.7641839540114972,1.0,1.7641839540114972
panel,Camera,NoamNegReverse,reverse,RandomNegotiator,random rational offers,baseline,first,2,0.434102003029793,0.0,0.434102003029793
panel,Camera,NoamNegReverse,reverse,RandomNegotiator,random rational offers,baseline,second,2,0.9277680579855037,1.0,1.9277680579855039
panel,Camera,NoamNegReverse,reverse,FirstOfferOrientedTBNegotiator,anchors on first offer,oriented,first,2,0.6204342703248611,1.0,1.620434270324861
panel,Camera,NoamNegReverse,reverse,FirstOfferOrientedTBNegotiator,anchors on first offer,oriented,second,2,0.6653336665833542,1.0,1.6653336665833542
panel,Camera,NoamNegReverse,reverse,LastOfferOrientedTBNegotiator,follows last offer,oriented,first,2,0.6204342703248611,1.0,1.620434270324861
panel,Camera,NoamNegReverse,reverse,LastOfferOrientedTBNegotiator,follows last offer,oriented,second,2,0.6653336665833542,1.0,1.6653336665833542
panel,Camera,NoamNegReverse,reverse,BestOfferOrientedTBNegotiator,tracks best offer seen,oriented,first,2,0.6204342703248611,1.0,1.620434270324861
panel,Camera,NoamNegReverse,reverse,BestOfferOrientedTBNegotiator,tracks best offer seen,oriented,second,2,0.6653336665833542,1.0,1.6653336665833542
panel,Car,NoamNeg,gradient,SimpleNegotiator,reverse-ufun + time concede,example,first,2,0.6422000000000001,0.24202104753948886,0.8842210475394889
panel,Car,NoamNeg,gradient,SimpleNegotiator,reverse-ufun + time concede,example,second,2,0.7986000000000002,0.5169951649032329,1.3155951649032331
panel,Car,NoamNeg,gradient,BOANeg,BOA: time offer + Smith + ACNext,example,first,2,0.8519000000000001,0.4862208915921442,1.338120891592144
panel,Car,NoamNeg,gradient,BOANeg,BOA: time offer + Smith + ACNext,example,second,2,0.8616000000000001,0.5244989493783763,1.3860989493783764
panel,Car,NoamNeg,gradient,MAPNeg,"MAP: same stack, acceptance_first",example,first,2,0.8519000000000001,0.5210923792551558,1.372992379255156
panel,Car,NoamNeg,gradient,MAPNeg,"MAP: same stack, acceptance_first",example,second,2,0.8616000000000001,0.49480028094468376,1.356400280944684
panel,Car,NoamNeg,gradient,BoulwareTBNegotiator,slow concession (Boulware),time-based,first,2,0.8519000000000001,1.0,1.8519
panel,Car,NoamNeg,gradient,BoulwareTBNegotiator,slow concession (Boulware),time-based,second,2,0.8616000000000001,1.0,1.8616000000000001
panel,Car,NoamNeg,gradient,ConcederTBNegotiator,fast concession,time-based,first,2,0.9354,0.5,1.4354
panel,Car,NoamNeg,gradient,ConcederTBNegotiator,fast concession,time-based,second,2,0.9787999999999999,1.0,1.9788
panel,Car,NoamNeg,gradient,LinearTBNegotiator,linear time concession,time-based,first,2,0.7524000000000001,1.0,1.7524000000000002
panel,Car,NoamNeg,gradient,LinearTBNegotiator,linear time concession,time-based,second,2,0.8144,1.0,1.8144
panel,Car,NoamNeg,gradient,ToughNegotiator,"hard line, slow give",time-based,first,2,0.0,1.0,1.0
panel,Car,NoamNeg,gradient,ToughNegotiator,"hard line, slow give",time-based,second,2,0.0,1.0,1.0
panel,Car,NoamNeg,gradient,MiCRONegotiator,MiCRO (Genius-style),genius-style,first,2,0.5899000000000001,1.0,1.5899
panel,Car,NoamNeg,gradient,MiCRONegotiator,MiCRO (Genius-style),genius-style,second,2,0.7860000000000001,1.0,1.786
panel,Car,NoamNeg,gradient,TimeBasedNegotiator,generic time-based,time-based,first,2,0.8519000000000001,1.0,1.8519
panel,Car,NoamNeg,gradient,TimeBasedNegotiator,generic time-based,time-based,second,2,0.8616000000000001,1.0,1.8616000000000001
panel,Car,NoamNeg,gradient,AspirationNegotiator,aspiration-based,time-based,first,2,0.8774,1.0,1.8774
panel,Car,NoamNeg,gradient,AspirationNegotiator,aspiration-based,time-based,second,2,0.8716000000000002,1.0,1.8716000000000002
panel,Car,NoamNeg,gradient,HybridNegotiator,hybrid time + utility,hybrid,first,2,0.8736,1.0,1.8736000000000002
panel,Car,NoamNeg,gradient,HybridNegotiator,hybrid time + utility,hybrid,second,2,0.7650000000000001,1.0,1.7650000000000001
panel,Car,NoamNeg,gradient,RandomNegotiator,random rational offers,baseline,first,2,0.7783,1.0,1.7783000000000002
panel,Car,NoamNeg,gradient,RandomNegotiator,random rational offers,baseline,second,2,0.9158000000000001,1.0,1.9158
panel,Car,NoamNeg,gradient,FirstOfferOrientedTBNegotiator,anchors on first offer,oriented,first,2,0.8519000000000001,1.0,1.8519
panel,Car,NoamNeg,gradient,FirstOfferOrientedTBNegotiator,anchors on first offer,oriented,second,2,0.8616000000000001,1.0,1.8616000000000001
panel,Car,NoamNeg,gradient,LastOfferOrientedTBNegotiator,follows last offer,oriented,first,2,0.8519000000000001,1.0,1.8519
panel,Car,NoamNeg,gradient,LastOfferOrientedTBNegotiator,follows last offer,oriented,second,2,0.8616000000000001,1.0,1.8616000000000001
panel,Car,NoamNeg,gradient,BestOfferOrientedTBNegotiator,tracks best offer seen,oriented,first,2,0.8519000000000001,1.0,1.8519
panel,Car,NoamNeg,gradient,BestOfferOrientedTBNegotiator,tracks best offer seen,oriented,second,2,0.8616000000000001,1.0,1.8616000000000001
panel,Car,NoamNegFull,full,SimpleNegotiator,reverse-ufun + time concede,example,first,2,0.7787,0.0,0.7787
panel,Car,NoamNegFull,full,SimpleNegotiator,reverse-ufun + time concede,example,second,2,0.8792000000000002,0.4919636673487162,1.3711636673487164
panel,Car,NoamNegFull,full,BOANeg,BOA: time offer + Smith + ACNext,example,first,2,0.8519000000000001,0.5511333674522719,1.403033367452272
panel,Car,NoamNegFull,full,BOANeg,BOA: time offer + Smith + ACNext,example,second,2,0.8616000000000001,0.543890522837166,1.4054905228371661
panel,Car,NoamNegFull,full,MAPNeg,"MAP: same stack, acceptance_first",example,first,2,0.8519000000000001,0.5766143762593208,1.4285143762593209
panel,Car,NoamNegFull,full,MAPNeg,"MAP: same stack, acceptance_first",example,second,2,0.7628000000000001,0.550282028230109,1.313082028230109
panel,Car,NoamNegFull,full,BoulwareTBNegotiator,slow concession (Boulware),time-based,first,2,0.8519000000000001,1.0,1.8519
panel,Car,NoamNegFull,full,BoulwareTBNegotiator,slow concession (Boulware),time-based,second,2,0.8616000000000001,1.0,1.8616000000000001
panel,Car,NoamNegFull,full,ConcederTBNegotiator,fast concession,time-based,first,2,0.79955,0.0,0.79955
panel,Car,NoamNegFull,full,ConcederTBNegotiator,fast concession,time-based,second,2,0.9787999999999999,1.0,1.9788
panel,Car,NoamNegFull,full,LinearTBNegotiator,linear time concession,time-based,first,2,0.8225500000000001,1.0,1.8225500000000001
panel,Car,NoamNegFull,full,LinearTBNegotiator,linear time concession,time-based,second,2,0.7868000000000002,1.0,1.7868000000000002
panel,Car,NoamNegFull,full,ToughNegotiator,"hard line, slow give",time-based,first,2,0.0,1.0,1.0
panel,Car,NoamNegFull,full,ToughNegotiator,"hard line, slow give",time-based,second,2,0.0,1.0,1.0
panel,Car,NoamNegFull,full,MiCRONegotiator,MiCRO (Genius-style),genius-style,first,2,0.5899000000000001,1.0,1.5899
panel,Car,NoamNegFull,full,MiCRONegotiator,MiCRO (Genius-style),genius-style,second,2,0.7860000000000001,1.0,1.786
panel,Car,NoamNegFull,full,TimeBasedNegotiator,generic time-based,time-based,first,2,0.8519000000000001,1.0,1.8519
panel,Car,NoamNegFull,full,TimeBasedNegotiator,generic time-based,time-based,second,2,0.8616000000000001,1.0,1.8616000000000001
panel,Car,NoamNegFull,full,AspirationNegotiator,aspiration-based,time-based,first,2,0.8774,1.0,1.8774
panel,Car,NoamNegFull,full,AspirationNegotiator,aspiration-based,time-based,second,2,0.8716000000000002,1.0,1.8716000000000002
panel,Car,NoamNegFull,full,HybridNegotiator,hybrid time + utility,hybrid,first,2,0.7140500000000001,1.0,1.7140500000000003
panel,Car,NoamNegFull,full,HybridNegotiator,hybrid time + utility,hybrid,second,2,0.5988000000000001,1.0,1.5988000000000002
panel,Car,NoamNegFull,full,RandomNegotiator,random rational offers,baseline,first,2,0.80495,1.0,1.80495
panel,Car,NoamNegFull,full,RandomNegotiator,random rational offers,baseline,second,2,0.8562,1.0,1.8561999999999999
panel,Car,NoamNegFull,full,FirstOfferOrientedTBNegotiator,anchors on first offer,oriented,first,2,0.8519000000000001,1.0,1.8519
panel,Car,NoamNegFull,full,FirstOfferOrientedTBNegotiator,anchors on first offer,oriented,second,2,0.8616000000000001,1.0,1.8616000000000001
panel,Car,NoamNegFull,full,LastOfferOrientedTBNegotiator,follows last offer,oriented,first,2,0.8519000000000001,1.0,1.8519
panel,Car,NoamNegFull,full,LastOfferOrientedTBNegotiator,follows last offer,oriented,second,2,0.8616000000000001,1.0,1.8616000000000001
panel,Car,NoamNegFull,full,BestOfferOrientedTBNegotiator,tracks best offer seen,oriented,first,2,0.8519000000000001,1.0,1.8519
panel,Car,NoamNegFull,full,BestOfferOrientedTBNegotiator,tracks best offer seen,oriented,second,2,0.8616000000000001,1.0,1.8616000000000001
panel,Car,NoamNegReverse,reverse,SimpleNegotiator,reverse-ufun + time concede,example,first,2,0.9312,0.49892369104149403,1.430123691041494
panel,Car,NoamNegReverse,reverse,SimpleNegotiator,reverse-ufun + time concede,example,second,2,0.9188000000000002,0.51924849854101,1.43804849854101
panel,Car,NoamNegReverse,reverse,BOANeg,BOA: time offer + Smith + ACNext,example,first,2,0.8519000000000001,0.4766891533925093,1.3285891533925094
panel,Car,NoamNegReverse,reverse,BOANeg,BOA: time offer + Smith + ACNext,example,second,2,0.8616000000000001,0.506228735135954,1.3678287351359542
panel,Car,NoamNegReverse,reverse,MAPNeg,"MAP: same stack, acceptance_first",example,first,2,0.8519000000000001,0.47788951482119957,1.3297895148211998
panel,Car,NoamNegReverse,reverse,MAPNeg,"MAP: same stack, acceptance_first",example,second,2,0.8616000000000001,0.505027013950446,1.366627013950446
panel,Car,NoamNegReverse,reverse,BoulwareTBNegotiator,slow concession (Boulware),time-based,first,2,0.8519000000000001,1.0,1.8519
panel,Car,NoamNegReverse,reverse,BoulwareTBNegotiator,slow concession (Boulware),time-based,second,2,0.8616000000000001,1.0,1.8616000000000001
panel,Car,NoamNegReverse,reverse,ConcederTBNegotiator,fast concession,time-based,first,2,0.9855000000000002,1.0,1.9855
panel,Car,NoamNegReverse,reverse,ConcederTBNegotiator,fast concession,time-based,second,2,0.9738000000000001,1.0,1.9738000000000002
panel,Car,NoamNegReverse,reverse,LinearTBNegotiator,linear time concession,time-based,first,2,0.9312,1.0,1.9312
panel,Car,NoamNegReverse,reverse,LinearTBNegotiator,linear time concession,time-based,second,2,0.9707999999999999,1.0,1.9707999999999999
panel,Car,NoamNegReverse,reverse,ToughNegotiator,"hard line, slow give",time-based,first,2,0.0,1.0,1.0
panel,Car,NoamNegReverse,reverse,ToughNegotiator,"hard line, slow give",time-based,second,2,0.0,1.0,1.0
panel,Car,NoamNegReverse,reverse,MiCRONegotiator,MiCRO (Genius-style),genius-style,first,2,0.6086000000000001,1.0,1.6086
panel,Car,NoamNegReverse,reverse,MiCRONegotiator,MiCRO (Genius-style),genius-style,second,2,0.7860000000000001,1.0,1.786
panel,Car,NoamNegReverse,reverse,TimeBasedNegotiator,generic time-based,time-based,first,2,0.8519000000000001,1.0,1.8519
panel,Car,NoamNegReverse,reverse,TimeBasedNegotiator,generic time-based,time-based,second,2,0.8616000000000001,1.0,1.8616000000000001
panel,Car,NoamNegReverse,reverse,AspirationNegotiator,aspiration-based,time-based,first,2,0.8774,1.0,1.8774
panel,Car,NoamNegReverse,reverse,AspirationNegotiator,aspiration-based,time-based,second,2,0.8716000000000002,1.0,1.8716000000000002
panel,Car,NoamNegReverse,reverse,HybridNegotiator,hybrid time + utility,hybrid,first,2,0.9718,1.0,1.9718
panel,Car,NoamNegReverse,reverse,HybridNegotiator,hybrid time + utility,hybrid,second,2,0.9783,1.0,1.9783
panel,Car,NoamNegReverse,reverse,RandomNegotiator,random rational offers,baseline,first,2,0.49915000000000004,0.5,0.99915
panel,Car,NoamNegReverse,reverse,RandomNegotiator,random rational offers,baseline,second,2,0.498,1.0,1.498
panel,Car,NoamNegReverse,reverse,FirstOfferOrientedTBNegotiator,anchors on first offer,oriented,first,2,0.8519000000000001,1.0,1.8519
panel,Car,NoamNegReverse,reverse,FirstOfferOrientedTBNegotiator,anchors on first offer,oriented,second,2,0.8616000000000001,1.0,1.8616000000000001
panel,Car,NoamNegReverse,reverse,LastOfferOrientedTBNegotiator,follows last offer,oriented,first,2,0.8519000000000001,1.0,1.8519
panel,Car,NoamNegReverse,reverse,LastOfferOrientedTBNegotiator,follows last offer,oriented,second,2,0.8616000000000001,1.0,1.8616000000000001
panel,Car,NoamNegReverse,reverse,BestOfferOrientedTBNegotiator,tracks best offer seen,oriented,first,2,0.8519000000000001,1.0,1.8519
panel,Car,NoamNegReverse,reverse,BestOfferOrientedTBNegotiator,tracks best offer seen,oriented,second,2,0.8616000000000001,1.0,1.8616000000000001
panel,Grocery,NoamNeg,gradient,SimpleNegotiator,reverse-ufun + time concede,example,first,2,0.6027777777777779,0.31551672479228177,0.9182945025700596
panel,Grocery,NoamNeg,gradient,SimpleNegotiator,reverse-ufun + time concede,example,second,2,0.7500000000000001,0.6421345180823227,1.3921345180823228
panel,Grocery,NoamNeg,gradient,BOANeg,BOA: time offer + Smith + ACNext,example,first,2,0.7638888888888891,0.4763879253031625,1.2402768141920515
panel,Grocery,NoamNeg,gradient,BOANeg,BOA: time offer + Smith + ACNext,example,second,2,0.7500000000000001,0.5027250642215688,1.2527250642215688
panel,Grocery,NoamNeg,gradient,MAPNeg,"MAP: same stack, acceptance_first",example,first,2,0.7055555555555557,0.47589548817887417,1.1814510437344299
panel,Grocery,NoamNeg,gradient,MAPNeg,"MAP: same stack, acceptance_first",example,second,2,0.7500000000000001,0.5047105205106212,1.2547105205106213
panel,Grocery,NoamNeg,gradient,BoulwareTBNegotiator,slow concession (Boulware),time-based,first,2,0.7055555555555557,1.0,1.7055555555555557
panel,Grocery,NoamNeg,gradient,BoulwareTBNegotiator,slow concession (Boulware),time-based,second,2,0.7500000000000001,1.0,1.75
panel,Grocery,NoamNeg,gradient,ConcederTBNegotiator,fast concession,time-based,first,2,0.6055555555555556,1.0,1.6055555555555556
panel,Grocery,NoamNeg,gradient,ConcederTBNegotiator,fast concession,time-based,second,2,0.638888888888889,1.0,1.6388888888888888
panel,Grocery,NoamNeg,gradient,LinearTBNegotiator,linear time concession,time-based,first,2,0.588888888888889,1.0,1.588888888888889
panel,Grocery,NoamNeg,gradient,LinearTBNegotiator,linear time concession,time-based,second,2,0.7500000000000001,1.0,1.75
panel,Grocery,NoamNeg,gradient,ToughNegotiator,"hard line, slow give",time-based,first,2,0.38888888888888895,1.0,1.3888888888888888
panel,Grocery,NoamNeg,gradient,ToughNegotiator,"hard line, slow give",time-based,second,2,0.47222222222222227,1.0,1.4722222222222223
panel,Grocery,NoamNeg,gradient,MiCRONegotiator,MiCRO (Genius-style),genius-style,first,2,0.588888888888889,1.0,1.588888888888889
panel,Grocery,NoamNeg,gradient,MiCRONegotiator,MiCRO (Genius-style),genius-style,second,2,0.7500000000000001,1.0,1.75
panel,Grocery,NoamNeg,gradient,TimeBasedNegotiator,generic time-based,time-based,first,2,0.7055555555555557,1.0,1.7055555555555557
panel,Grocery,NoamNeg,gradient,TimeBasedNegotiator,generic time-based,time-based,second,2,0.7500000000000001,1.0,1.75
panel,Grocery,NoamNeg,gradient,AspirationNegotiator,aspiration-based,time-based,first,2,0.8222222222222224,1.0,1.8222222222222224
panel,Grocery,NoamNeg,gradient,AspirationNegotiator,aspiration-based,time-based,second,2,0.7500000000000001,1.0,1.75
panel,Grocery,NoamNeg,gradient,HybridNegotiator,hybrid time + utility,hybrid,first,2,0.5805555555555556,1.0,1.5805555555555557
panel,Grocery,NoamNeg,gradient,HybridNegotiator,hybrid time + utility,hybrid,second,2,0.7666666666666667,1.0,1.7666666666666666
panel,Grocery,NoamNeg,gradient,RandomNegotiator,random rational offers,baseline,first,2,0.3555555555555556,1.0,1.3555555555555556
panel,Grocery,NoamNeg,gradient,RandomNegotiator,random rational offers,baseline,second,2,0.5083333333333333,1.0,1.5083333333333333
panel,Grocery,NoamNeg,gradient,FirstOfferOrientedTBNegotiator,anchors on first offer,oriented,first,2,0.7083333333333335,1.0,1.7083333333333335
panel,Grocery,NoamNeg,gradient,FirstOfferOrientedTBNegotiator,anchors on first offer,oriented,second,2,0.7500000000000001,1.0,1.75
panel,Grocery,NoamNeg,gradient,LastOfferOrientedTBNegotiator,follows last offer,oriented,first,2,0.7638888888888891,1.0,1.763888888888889
panel,Grocery,NoamNeg,gradient,LastOfferOrientedTBNegotiator,follows last offer,oriented,second,2,0.7500000000000001,1.0,1.75
panel,Grocery,NoamNeg,gradient,BestOfferOrientedTBNegotiator,tracks best offer seen,oriented,first,2,0.6861111111111112,1.0,1.6861111111111113
panel,Grocery,NoamNeg,gradient,BestOfferOrientedTBNegotiator,tracks best offer seen,oriented,second,2,0.7500000000000001,1.0,1.75
panel,Grocery,NoamNegFull,full,SimpleNegotiator,reverse-ufun + time concede,example,first,2,0.588888888888889,0.6285025257883223,1.2173914146772113
panel,Grocery,NoamNegFull,full,SimpleNegotiator,reverse-ufun + time concede,example,second,2,0.7500000000000001,0.6421345180823227,1.3921345180823228
panel,Grocery,NoamNegFull,full,BOANeg,BOA: time offer + Smith + ACNext,example,first,2,0.7638888888888891,0.4834795639559063,1.2473684528447953
panel,Grocery,NoamNegFull,full,BOANeg,BOA: time offer + Smith + ACNext,example,second,2,0.7500000000000001,0.5369718348546493,1.2869718348546493
panel,Grocery,NoamNegFull,full,MAPNeg,"MAP: same stack, acceptance_first",example,first,2,0.7055555555555557,0.47955452842019164,1.1851100839757474
panel,Grocery,NoamNegFull,full,MAPNeg,"MAP: same stack, acceptance_first",example,second,2,0.7500000000000001,0.5465735920730403,1.2965735920730403
panel,Grocery,NoamNegFull,full,BoulwareTBNegotiator,slow concession (Boulware),time-based,first,2,0.7055555555555557,1.0,1.7055555555555557
panel,Grocery,NoamNegFull,full,BoulwareTBNegotiator,slow concession (Boulware),time-based,second,2,0.7500000000000001,1.0,1.75
panel,Grocery,NoamNegFull,full,ConcederTBNegotiator,fast concession,time-based,first,2,0.6055555555555556,1.0,1.6055555555555556
panel,Grocery,NoamNegFull,full,ConcederTBNegotiator,fast concession,time-based,second,2,0.638888888888889,1.0,1.6388888888888888
panel,Grocery,NoamNegFull,full,LinearTBNegotiator,linear time concession,time-based,first,2,0.588888888888889,1.0,1.588888888888889
panel,Grocery,NoamNegFull,full,LinearTBNegotiator,linear time concession,time-based,second,2,0.7500000000000001,1.0,1.75
panel,Grocery,NoamNegFull,full,ToughNegotiator,"hard line, slow give",time-based,first,2,0.38888888888888895,1.0,1.3888888888888888
panel,Grocery,NoamNegFull,full,ToughNegotiator,"hard line, slow give",time-based,second,2,0.47222222222222227,1.0,1.4722222222222223
panel,Grocery,NoamNegFull,full,MiCRONegotiator,MiCRO (Genius-style),genius-style,first,2,0.588888888888889,1.0,1.588888888888889
panel,Grocery,NoamNegFull,full,MiCRONegotiator,MiCRO (Genius-style),genius-style,second,2,0.7500000000000001,1.0,1.75
panel,Grocery,NoamNegFull,full,TimeBasedNegotiator,generic time-based,time-based,first,2,0.7055555555555557,1.0,1.7055555555555557
panel,Grocery,NoamNegFull,full,TimeBasedNegotiator,generic time-based,time-based,second,2,0.7500000000000001,1.0,1.75
panel,Grocery,NoamNegFull,full,AspirationNegotiator,aspiration-based,time-based,first,2,0.8222222222222224,1.0,1.8222222222222224
panel,Grocery,NoamNegFull,full,AspirationNegotiator,aspiration-based,time-based,second,2,0.7500000000000001,1.0,1.75
panel,Grocery,NoamNegFull,full,HybridNegotiator,hybrid time + utility,hybrid,first,2,0.6305555555555555,1.0,1.6305555555555555
panel,Grocery,NoamNegFull,full,HybridNegotiator,hybrid time + utility,hybrid,second,2,0.6472222222222224,1.0,1.6472222222222221
panel,Grocery,NoamNegFull,full,RandomNegotiator,random rational offers,baseline,first,2,0.24722222222222226,0.5,0.7472222222222222
panel,Grocery,NoamNegFull,full,RandomNegotiator,random rational offers,baseline,second,2,0.6194444444444445,1.0,1.6194444444444445
panel,Grocery,NoamNegFull,full,FirstOfferOrientedTBNegotiator,anchors on first offer,oriented,first,2,0.7055555555555557,1.0,1.7055555555555557
panel,Grocery,NoamNegFull,full,FirstOfferOrientedTBNegotiator,anchors on first offer,oriented,second,2,0.7500000000000001,1.0,1.75
panel,Grocery,NoamNegFull,full,LastOfferOrientedTBNegotiator,follows last offer,oriented,first,2,0.7055555555555557,1.0,1.7055555555555557
panel,Grocery,NoamNegFull,full,LastOfferOrientedTBNegotiator,follows last offer,oriented,second,2,0.7500000000000001,1.0,1.75
panel,Grocery,NoamNegFull,full,BestOfferOrientedTBNegotiator,tracks best offer seen,oriented,first,2,0.7055555555555557,1.0,1.7055555555555557
panel,Grocery,NoamNegFull,full,BestOfferOrientedTBNegotiator,tracks best offer seen,oriented,second,2,0.7500000000000001,1.0,1.75
panel,Grocery,NoamNegReverse,reverse,SimpleNegotiator,reverse-ufun + time concede,example,first,2,0.8472222222222223,0.6279689623835595,1.475191184605782
panel,Grocery,NoamNegReverse,reverse,SimpleNegotiator,reverse-ufun + time concede,example,second,2,0.8833333333333334,0.653065193510074,1.5363985268434073
panel,Grocery,NoamNegReverse,reverse,BOANeg,BOA: time offer + Smith + ACNext,example,first,2,0.7055555555555557,0.47511496481432347,1.180670520369879
panel,Grocery,NoamNegReverse,reverse,BOANeg,BOA: time offer + Smith + ACNext,example,second,2,0.7500000000000001,0.5111835111456029,1.2611835111456031
panel,Grocery,NoamNegReverse,reverse,MAPNeg,"MAP: same stack, acceptance_first",example,first,2,0.7055555555555557,0.4785446407650611,1.1841001963206168
panel,Grocery,NoamNegReverse,reverse,MAPNeg,"MAP: same stack, acceptance_first",example,second,2,0.7500000000000001,0.5126423482956324,1.2626423482956324
panel,Grocery,NoamNegReverse,reverse,BoulwareTBNegotiator,slow concession (Boulware),time-based,first,2,0.7055555555555557,1.0,1.7055555555555557
panel,Grocery,NoamNegReverse,reverse,BoulwareTBNegotiator,slow concession (Boulware),time-based,second,2,0.7500000000000001,1.0,1.75
panel,Grocery,NoamNegReverse,reverse,ConcederTBNegotiator,fast concession,time-based,first,2,0.8444444444444446,0.5,1.3444444444444446
panel,Grocery,NoamNegReverse,reverse,ConcederTBNegotiator,fast concession,time-based,second,2,0.875,1.0,1.875
panel,Grocery,NoamNegReverse,reverse,LinearTBNegotiator,linear time concession,time-based,first,2,0.8222222222222224,1.0,1.8222222222222224
panel,Grocery,NoamNegReverse,reverse,LinearTBNegotiator,linear time concession,time-based,second,2,0.8888888888888888,1.0,1.8888888888888888
panel,Grocery,NoamNegReverse,reverse,ToughNegotiator,"hard line, slow give",time-based,first,2,0.38888888888888895,1.0,1.3888888888888888
panel,Grocery,NoamNegReverse,reverse,ToughNegotiator,"hard line, slow give",time-based,second,2,0.47222222222222227,1.0,1.4722222222222223
panel,Grocery,NoamNegReverse,reverse,MiCRONegotiator,MiCRO (Genius-style),genius-style,first,2,0.7444444444444446,1.0,1.7444444444444445
panel,Grocery,NoamNegReverse,reverse,MiCRONegotiator,MiCRO (Genius-style),genius-style,second,2,0.8833333333333334,1.0,1.8833333333333333
panel,Grocery,NoamNegReverse,reverse,TimeBasedNegotiator,generic time-based,time-based,first,2,0.7055555555555557,1.0,1.7055555555555557
panel,Grocery,NoamNegReverse,reverse,TimeBasedNegotiator,generic time-based,time-based,second,2,0.7500000000000001,1.0,1.75
panel,Grocery,NoamNegReverse,reverse,AspirationNegotiator,aspiration-based,time-based,first,2,0.8222222222222224,1.0,1.8222222222222224
panel,Grocery,NoamNegReverse,reverse,AspirationNegotiator,aspiration-based,time-based,second,2,0.7500000000000001,1.0,1.75
panel,Grocery,NoamNegReverse,reverse,HybridNegotiator,hybrid time + utility,hybrid,first,2,0.8722222222222223,1.0,1.8722222222222222
panel,Grocery,NoamNegReverse,reverse,HybridNegotiator,hybrid time + utility,hybrid,second,2,0.8833333333333334,1.0,1.8833333333333333
panel,Grocery,NoamNegReverse,reverse,RandomNegotiator,random rational offers,baseline,first,2,0.8972222222222224,1.0,1.8972222222222224
panel,Grocery,NoamNegReverse,reverse,RandomNegotiator,random rational offers,baseline,second,2,0.45000000000000007,1.0,1.4500000000000002
panel,Grocery,NoamNegReverse,reverse,FirstOfferOrientedTBNegotiator,anchors on first offer,oriented,first,2,0.7055555555555557,1.0,1.7055555555555557
panel,Grocery,NoamNegReverse,reverse,FirstOfferOrientedTBNegotiator,anchors on first offer,oriented,second,2,0.7500000000000001,1.0,1.75
panel,Grocery,NoamNegReverse,reverse,LastOfferOrientedTBNegotiator,follows last offer,oriented,first,2,0.713888888888889,1.0,1.713888888888889
panel,Grocery,NoamNegReverse,reverse,LastOfferOrientedTBNegotiator,follows last offer,oriented,second,2,0.7500000000000001,1.0,1.75
panel,Grocery,NoamNegReverse,reverse,BestOfferOrientedTBNegotiator,tracks best offer seen,oriented,first,2,0.7055555555555557,1.0,1.7055555555555557
panel,Grocery,NoamNegReverse,reverse,BestOfferOrientedTBNegotiator,tracks best offer seen,oriented,second,2,0.7500000000000001,1.0,1.75
panel,ISBTAcquisition,NoamNeg,gradient,SimpleNegotiator,reverse-ufun + time concede,example,first,2,0.5098039215686274,0.5892523207706669,1.0990562423392944
panel,ISBTAcquisition,NoamNeg,gradient,SimpleNegotiator,reverse-ufun + time concede,example,second,2,0.548780487804878,0.5959175389958116,1.1446980268006897
panel,ISBTAcquisition,NoamNeg,gradient,BOANeg,BOA: time offer + Smith + ACNext,example,first,2,0.741830065359477,0.467791626385878,1.209621691745355
panel,ISBTAcquisition,NoamNeg,gradient,BOANeg,BOA: time offer + Smith + ACNext,example,second,2,0.5121951219512194,0.574473297414521,1.0866684193657403
panel,ISBTAcquisition,NoamNeg,gradient,MAPNeg,"MAP: same stack, acceptance_first",example,first,2,0.6568627450980393,0.4675134876487117,1.124376232746751
panel,ISBTAcquisition,NoamNeg,gradient,MAPNeg,"MAP: same stack, acceptance_first",example,second,2,0.5121951219512194,0.7795375963204116,1.2917327182716312
panel,ISBTAcquisition,NoamNeg,gradient,BoulwareTBNegotiator,slow concession (Boulware),time-based,first,2,0.784313725490196,1.0,1.784313725490196
panel,ISBTAcquisition,NoamNeg,gradient,BoulwareTBNegotiator,slow concession (Boulware),time-based,second,2,0.5121951219512194,1.0,1.5121951219512195
panel,ISBTAcquisition,NoamNeg,gradient,ConcederTBNegotiator,fast concession,time-based,first,2,0.5980392156862746,1.0,1.5980392156862746
panel,ISBTAcquisition,NoamNeg,gradient,ConcederTBNegotiator,fast concession,time-based,second,2,0.8292682926829268,1.0,1.8292682926829267
panel,ISBTAcquisition,NoamNeg,gradient,LinearTBNegotiator,linear time concession,time-based,first,2,0.6111111111111112,1.0,1.6111111111111112
panel,ISBTAcquisition,NoamNeg,gradient,LinearTBNegotiator,linear time concession,time-based,second,2,0.5731707317073169,1.0,1.5731707317073171
panel,ISBTAcquisition,NoamNeg,gradient,ToughNegotiator,"hard line, slow give",time-based,first,2,0.33986928104575165,1.0,1.3398692810457518
panel,ISBTAcquisition,NoamNeg,gradient,ToughNegotiator,"hard line, slow give",time-based,second,2,0.5121951219512194,1.0,1.5121951219512195
panel,ISBTAcquisition,NoamNeg,gradient,MiCRONegotiator,MiCRO (Genius-style),genius-style,first,2,0.6666666666666667,1.0,1.6666666666666667
panel,ISBTAcquisition,NoamNeg,gradient,MiCRONegotiator,MiCRO (Genius-style),genius-style,second,2,0.5670731707317072,1.0,1.5670731707317072
panel,ISBTAcquisition,NoamNeg,gradient,TimeBasedNegotiator,generic time-based,time-based,first,2,0.784313725490196,1.0,1.784313725490196
panel,ISBTAcquisition,NoamNeg,gradient,TimeBasedNegotiator,generic time-based,time-based,second,2,0.5121951219512194,1.0,1.5121951219512195
panel,ISBTAcquisition,NoamNeg,gradient,AspirationNegotiator,aspiration-based,time-based,first,2,0.7254901960784313,1.0,1.7254901960784315
panel,ISBTAcquisition,NoamNeg,gradient,AspirationNegotiator,aspiration-based,time-based,second,2,0.5121951219512194,1.0,1.5121951219512195
panel,ISBTAcquisition,NoamNeg,gradient,HybridNegotiator,hybrid time + utility,hybrid,first,2,0.6699346405228758,1.0,1.6699346405228757
panel,ISBTAcquisition,NoamNeg,gradient,HybridNegotiator,hybrid time + utility,hybrid,second,2,0.6097560975609755,1.0,1.6097560975609757
panel,ISBTAcquisition,NoamNeg,gradient,RandomNegotiator,random rational offers,baseline,first,2,0.6601307189542484,1.0,1.6601307189542482
panel,ISBTAcquisition,NoamNeg,gradient,RandomNegotiator,random rational offers,baseline,second,2,0.7865853658536585,1.0,1.7865853658536586
panel,ISBTAcquisition,NoamNeg,gradient,FirstOfferOrientedTBNegotiator,anchors on first offer,oriented,first,2,0.7352941176470588,1.0,1.7352941176470589
panel,ISBTAcquisition,NoamNeg,gradient,FirstOfferOrientedTBNegotiator,anchors on first offer,oriented,second,2,0.5121951219512194,1.0,1.5121951219512195
panel,ISBTAcquisition,NoamNeg,gradient,LastOfferOrientedTBNegotiator,follows last offer,oriented,first,2,0.784313725490196,1.0,1.784313725490196
panel,ISBTAcquisition,NoamNeg,gradient,LastOfferOrientedTBNegotiator,follows last offer,oriented,second,2,0.5121951219512194,1.0,1.5121951219512195
panel,ISBTAcquisition,NoamNeg,gradient,BestOfferOrientedTBNegotiator,tracks best offer seen,oriented,first,2,0.6437908496732027,1.0,1.6437908496732025
panel,ISBTAcquisition,NoamNeg,gradient,BestOfferOrientedTBNegotiator,tracks best offer seen,oriented,second,2,0.5121951219512194,1.0,1.5121951219512195
panel,ISBTAcquisition,NoamNegFull,full,SimpleNegotiator,reverse-ufun + time concede,example,first,2,0.4836601307189543,0.29594688722870877,0.7796070179476631
panel,ISBTAcquisition,NoamNegFull,full,SimpleNegotiator,reverse-ufun + time concede,example,second,2,0.5182926829268292,0.5962634433279477,1.1145561262547767
panel,ISBTAcquisition,NoamNegFull,full,BOANeg,BOA: time offer + Smith + ACNext,example,first,2,0.6862745098039216,0.5380583709138786,1.2243328807178
panel,ISBTAcquisition,NoamNegFull,full,BOANeg,BOA: time offer + Smith + ACNext,example,second,2,0.5121951219512194,1.0,1.5121951219512195
panel,ISBTAcquisition,NoamNegFull,full,MAPNeg,"MAP: same stack, acceptance_first",example,first,2,0.7483660130718954,0.5199513612259434,1.2683173742978386
panel,ISBTAcquisition,NoamNegFull,full,MAPNeg,"MAP: same stack, acceptance_first",example,second,2,0.5121951219512194,0.8077735803839289,1.3199687023351483
panel,ISBTAcquisition,NoamNegFull,full,BoulwareTBNegotiator,slow concession (Boulware),time-based,first,2,0.7352941176470588,1.0,1.7352941176470589
panel,ISBTAcquisition,NoamNegFull,full,BoulwareTBNegotiator,slow concession (Boulware),time-based,second,2,0.5121951219512194,1.0,1.5121951219512195
panel,ISBTAcquisition,NoamNegFull,full,ConcederTBNegotiator,fast concession,time-based,first,2,0.5032679738562091,0.5,1.0032679738562091
panel,ISBTAcquisition,NoamNegFull,full,ConcederTBNegotiator,fast concession,time-based,second,2,0.4756097560975609,1.0,1.475609756097561
panel,ISBTAcquisition,NoamNegFull,full,LinearTBNegotiator,linear time concession,time-based,first,2,0.5196078431372549,1.0,1.5196078431372548
panel,ISBTAcquisition,NoamNegFull,full,LinearTBNegotiator,linear time concession,time-based,second,2,0.5121951219512194,1.0,1.5121951219512195
panel,ISBTAcquisition,NoamNegFull,full,ToughNegotiator,"hard line, slow give",time-based,first,2,0.33986928104575165,1.0,1.3398692810457518
panel,ISBTAcquisition,NoamNegFull,full,ToughNegotiator,"hard line, slow give",time-based,second,2,0.5121951219512194,1.0,1.5121951219512195
panel,ISBTAcquisition,NoamNegFull,full,MiCRONegotiator,MiCRO (Genius-style),genius-style,first,2,0.6372549019607843,1.0,1.6372549019607843
panel,ISBTAcquisition,NoamNegFull,full,MiCRONegotiator,MiCRO (Genius-style),genius-style,second,2,0.5121951219512194,1.0,1.5121951219512195
panel,ISBTAcquisition,NoamNegFull,full,TimeBasedNegotiator,generic time-based,time-based,first,2,0.6928104575163399,1.0,1.6928104575163399
panel,ISBTAcquisition,NoamNegFull,full,TimeBasedNegotiator,generic time-based,time-based,second,2,0.5121951219512194,1.0,1.5121951219512195
panel,ISBTAcquisition,NoamNegFull,full,AspirationNegotiator,aspiration-based,time-based,first,2,0.696078431372549,1.0,1.696078431372549
panel,ISBTAcquisition,NoamNegFull,full,AspirationNegotiator,aspiration-based,time-based,second,2,0.5121951219512194,1.0,1.5121951219512195
panel,ISBTAcquisition,NoamNegFull,full,HybridNegotiator,hybrid time + utility,hybrid,first,2,0.6274509803921569,1.0,1.6274509803921569
panel,ISBTAcquisition,NoamNegFull,full,HybridNegotiator,hybrid time + utility,hybrid,second,2,0.5121951219512194,1.0,1.5121951219512195
panel,ISBTAcquisition,NoamNegFull,full,RandomNegotiator,random rational offers,baseline,first,2,0.0,0.5,0.5
panel,ISBTAcquisition,NoamNegFull,full,RandomNegotiator,random rational offers,baseline,second,2,0.6768292682926829,1.0,1.6768292682926829
panel,ISBTAcquisition,NoamNegFull,full,FirstOfferOrientedTBNegotiator,anchors on first offer,oriented,first,2,0.7156862745098038,1.0,1.7156862745098038
panel,ISBTAcquisition,NoamNegFull,full,FirstOfferOrientedTBNegotiator,anchors on first offer,oriented,second,2,0.5121951219512194,1.0,1.5121951219512195
panel,ISBTAcquisition,NoamNegFull,full,LastOfferOrientedTBNegotiator,follows last offer,oriented,first,2,0.6928104575163399,1.0,1.6928104575163399
panel,ISBTAcquisition,NoamNegFull,full,LastOfferOrientedTBNegotiator,follows last offer,oriented,second,2,0.5121951219512194,1.0,1.5121951219512195
panel,ISBTAcquisition,NoamNegFull,full,BestOfferOrientedTBNegotiator,tracks best offer seen,oriented,first,2,0.7124183006535947,1.0,1.712418300653595
panel,ISBTAcquisition,NoamNegFull,full,BestOfferOrientedTBNegotiator,tracks best offer seen,oriented,second,2,0.5121951219512194,1.0,1.5121951219512195
panel,ISBTAcquisition,NoamNegReverse,reverse,SimpleNegotiator,reverse-ufun + time concede,example,first,2,0.980392156862745,0.5880752575440864,1.5684674144068314
panel,ISBTAcquisition,NoamNegReverse,reverse,SimpleNegotiator,reverse-ufun + time concede,example,second,2,0.8414634146341463,0.6098049241085527,1.451268338742699
panel,ISBTAcquisition,NoamNegReverse,reverse,BOANeg,BOA: time offer + Smith + ACNext,example,first,2,0.7058823529411764,0.46781742641462326,1.1736997793557997
panel,ISBTAcquisition,NoamNegReverse,reverse,BOANeg,BOA: time offer + Smith + ACNext,example,second,2,0.6951219512195121,0.48983786454755557,1.1849598157670678
panel,ISBTAcquisition,NoamNegReverse,reverse,MAPNeg,"MAP: same stack, acceptance_first",example,first,2,0.7516339869281045,0.468034640709309,1.2196686276374136
panel,ISBTAcquisition,NoamNegReverse,reverse,MAPNeg,"MAP: same stack, acceptance_first",example,second,2,0.6951219512195121,0.4864349683765779,1.18155691959609
panel,ISBTAcquisition,NoamNegReverse,reverse,BoulwareTBNegotiator,slow concession (Boulware),time-based,first,2,0.7254901960784313,1.0,1.7254901960784315
panel,ISBTAcquisition,NoamNegReverse,reverse,BoulwareTBNegotiator,slow concession (Boulware),time-based,second,2,0.6951219512195121,1.0,1.6951219512195121
panel,ISBTAcquisition,NoamNegReverse,reverse,ConcederTBNegotiator,fast concession,time-based,first,2,0.8627450980392157,1.0,1.8627450980392157
panel,ISBTAcquisition,NoamNegReverse,reverse,ConcederTBNegotiator,fast concession,time-based,second,2,0.8414634146341463,1.0,1.8414634146341462
panel,ISBTAcquisition,NoamNegReverse,reverse,LinearTBNegotiator,linear time concession,time-based,first,2,0.9150326797385621,1.0,1.915032679738562
panel,ISBTAcquisition,NoamNegReverse,reverse,LinearTBNegotiator,linear time concession,time-based,second,2,0.8414634146341463,1.0,1.8414634146341462
panel,ISBTAcquisition,NoamNegReverse,reverse,ToughNegotiator,"hard line, slow give",time-based,first,2,0.33986928104575165,1.0,1.3398692810457518
panel,ISBTAcquisition,NoamNegReverse,reverse,ToughNegotiator,"hard line, slow give",time-based,second,2,0.5121951219512194,1.0,1.5121951219512195
panel,ISBTAcquisition,NoamNegReverse,reverse,MiCRONegotiator,MiCRO (Genius-style),genius-style,first,2,0.6666666666666667,1.0,1.6666666666666665
panel,ISBTAcquisition,NoamNegReverse,reverse,MiCRONegotiator,MiCRO (Genius-style),genius-style,second,2,0.6585365853658536,1.0,1.6585365853658536
panel,ISBTAcquisition,NoamNegReverse,reverse,TimeBasedNegotiator,generic time-based,time-based,first,2,0.6830065359477124,1.0,1.6830065359477122
panel,ISBTAcquisition,NoamNegReverse,reverse,TimeBasedNegotiator,generic time-based,time-based,second,2,0.6951219512195121,1.0,1.6951219512195121
panel,ISBTAcquisition,NoamNegReverse,reverse,AspirationNegotiator,aspiration-based,time-based,first,2,0.6928104575163399,1.0,1.6928104575163399
panel,ISBTAcquisition,NoamNegReverse,reverse,AspirationNegotiator,aspiration-based,time-based,second,2,0.6951219512195121,1.0,1.6951219512195121
panel,ISBTAcquisition,NoamNegReverse,reverse,HybridNegotiator,hybrid time + utility,hybrid,first,2,0.8888888888888888,1.0,1.8888888888888888
panel,ISBTAcquisition,NoamNegReverse,reverse,HybridNegotiator,hybrid time + utility,hybrid,second,2,0.6768292682926829,1.0,1.6768292682926829
panel,ISBTAcquisition,NoamNegReverse,reverse,RandomNegotiator,random rational offers,baseline,first,2,0.39869281045751637,1.0,1.3986928104575163
panel,ISBTAcquisition,NoamNegReverse,reverse,RandomNegotiator,random rational offers,baseline,second,2,0.0,1.0,1.0
panel,ISBTAcquisition,NoamNegReverse,reverse,FirstOfferOrientedTBNegotiator,anchors on first offer,oriented,first,2,0.784313725490196,1.0,1.784313725490196
panel,ISBTAcquisition,NoamNegReverse,reverse,FirstOfferOrientedTBNegotiator,anchors on first offer,oriented,second,2,0.6951219512195121,1.0,1.6951219512195121
panel,ISBTAcquisition,NoamNegReverse,reverse,LastOfferOrientedTBNegotiator,follows last offer,oriented,first,2,0.784313725490196,1.0,1.784313725490196
panel,ISBTAcquisition,NoamNegReverse,reverse,LastOfferOrientedTBNegotiator,follows last offer,oriented,second,2,0.6951219512195121,1.0,1.6951219512195121
panel,ISBTAcquisition,NoamNegReverse,reverse,BestOfferOrientedTBNegotiator,tracks best offer seen,oriented,first,2,0.741830065359477,1.0,1.7418300653594772
panel,ISBTAcquisition,NoamNegReverse,reverse,BestOfferOrientedTBNegotiator,tracks best offer seen,oriented,second,2,0.6951219512195121,1.0,1.6951219512195121
panel,Laptop,NoamNeg,gradient,SimpleNegotiator,reverse-ufun + time concede,example,first,2,0.5775524426410947,0.6844358410163034,1.2619882836573981
panel,Laptop,NoamNeg,gradient,SimpleNegotiator,reverse-ufun + time concede,example,second,2,0.5911036168101367,0.6932670477187611,1.2843706645288977
panel,Laptop,NoamNeg,gradient,BOANeg,BOA: time offer + Smith + ACNext,example,first,2,0.5775524426410947,0.2581160893135999,0.8356685319546946
panel,Laptop,NoamNeg,gradient,BOANeg,BOA: time offer + Smith + ACNext,example,second,2,0.5136317604069089,0.7476526410173943,1.261284401424303
panel,Laptop,NoamNeg,gradient,MAPNeg,"MAP: same stack, acceptance_first",example,first,2,0.5775524426410947,0.5511100880447557,1.1286625306858504
panel,Laptop,NoamNeg,gradient,MAPNeg,"MAP: same stack, acceptance_first",example,second,2,0.5136317604069089,0.7548440780496093,1.2684758384565185
panel,Laptop,NoamNeg,gradient,BoulwareTBNegotiator,slow concession (Boulware),time-based,first,2,0.5775524426410947,1.0,1.5775524426410947
panel,Laptop,NoamNeg,gradient,BoulwareTBNegotiator,slow concession (Boulware),time-based,second,2,0.5136317604069089,1.0,1.513631760406909
panel,Laptop,NoamNeg,gradient,ConcederTBNegotiator,fast concession,time-based,first,2,0.6808563443161951,1.0,1.680856344316195
panel,Laptop,NoamNeg,gradient,ConcederTBNegotiator,fast concession,time-based,second,2,0.7177888527582047,1.0,1.7177888527582046
panel,Laptop,NoamNeg,gradient,LinearTBNegotiator,linear time concession,time-based,first,2,0.5322039151951294,1.0,1.5322039151951294
panel,Laptop,NoamNeg,gradient,LinearTBNegotiator,linear time concession,time-based,second,2,0.5911036168101367,1.0,1.5911036168101367
panel,Laptop,NoamNeg,gradient,ToughNegotiator,"hard line, slow give",time-based,first,2,0.5775524426410947,1.0,1.5775524426410947
panel,Laptop,NoamNeg,gradient,ToughNegotiator,"hard line, slow give",time-based,second,2,0.5136317604069089,1.0,1.513631760406909
panel,Laptop,NoamNeg,gradient,MiCRONegotiator,MiCRO (Genius-style),genius-style,first,2,0.5775524426410947,0.5,1.0775524426410947
panel,Laptop,NoamNeg,gradient,MiCRONegotiator,MiCRO (Genius-style),genius-style,second,2,0.7568158802034546,1.0,1.7568158802034546
panel,Laptop,NoamNeg,gradient,TimeBasedNegotiator,generic time-based,time-based,first,2,0.5775524426410947,1.0,1.5775524426410947
panel,Laptop,NoamNeg,gradient,TimeBasedNegotiator,generic time-based,time-based,second,2,0.5136317604069089,1.0,1.513631760406909
panel,Laptop,NoamNeg,gradient,AspirationNegotiator,aspiration-based,time-based,first,2,0.5775524426410947,1.0,1.5775524426410947
panel,Laptop,NoamNeg,gradient,AspirationNegotiator,aspiration-based,time-based,second,2,0.5136317604069089,1.0,1.513631760406909
panel,Laptop,NoamNeg,gradient,HybridNegotiator,hybrid time + utility,hybrid,first,2,0.6745529209246102,1.0,1.6745529209246102
panel,Laptop,NoamNeg,gradient,HybridNegotiator,hybrid time + utility,hybrid,second,2,0.5520765893648868,1.0,1.5520765893648867
panel,Laptop,NoamNeg,gradient,RandomNegotiator,random rational offers,baseline,first,2,0.8639544176621039,1.0,1.8639544176621041
panel,Laptop,NoamNeg,gradient,RandomNegotiator,random rational offers,baseline,second,2,0.2982820741079722,1.0,1.2982820741079721
panel,Laptop,NoamNeg,gradient,FirstOfferOrientedTBNegotiator,anchors on first offer,oriented,first,2,0.5775524426410947,1.0,1.5775524426410947
panel,Laptop,NoamNeg,gradient,FirstOfferOrientedTBNegotiator,anchors on first offer,oriented,second,2,0.5136317604069089,1.0,1.513631760406909
panel,Laptop,NoamNeg,gradient,LastOfferOrientedTBNegotiator,follows last offer,oriented,first,2,0.5775524426410947,1.0,1.5775524426410947
panel,Laptop,NoamNeg,gradient,LastOfferOrientedTBNegotiator,follows last offer,oriented,second,2,0.5136317604069089,1.0,1.513631760406909
panel,Laptop,NoamNeg,gradient,BestOfferOrientedTBNegotiator,tracks best offer seen,oriented,first,2,0.5775524426410947,1.0,1.5775524426410947
panel,Laptop,NoamNeg,gradient,BestOfferOrientedTBNegotiator,tracks best offer seen,oriented,second,2,0.5136317604069089,1.0,1.513631760406909
panel,Laptop,NoamNegFull,full,SimpleNegotiator,reverse-ufun + time concede,example,first,2,0.5775524426410947,0.6844358410163034,1.2619882836573981
panel,Laptop,NoamNegFull,full,SimpleNegotiator,reverse-ufun + time concede,example,second,2,0.5136317604069089,0.695142104219393,1.208773864626302
panel,Laptop,NoamNegFull,full,BOANeg,BOA: time offer + Smith + ACNext,example,first,2,0.5775524426410947,0.5966860546866273,1.174238497327722
panel,Laptop,NoamNegFull,full,BOANeg,BOA: time offer + Smith + ACNext,example,second,2,0.5136317604069089,0.575445308936811,1.0890770693437197
panel,Laptop,NoamNegFull,full,MAPNeg,"MAP: same stack, acceptance_first",example,first,2,0.5775524426410947,0.5590408367691612,1.1365932794102558
panel,Laptop,NoamNegFull,full,MAPNeg,"MAP: same stack, acceptance_first",example,second,2,0.5136317604069089,0.5812049164129653,1.0948366768198743
panel,Laptop,NoamNegFull,full,BoulwareTBNegotiator,slow concession (Boulware),time-based,first,2,0.5775524426410947,1.0,1.5775524426410947
panel,Laptop,NoamNegFull,full,BoulwareTBNegotiator,slow concession (Boulware),time-based,second,2,0.5136317604069089,1.0,1.513631760406909
panel,Laptop,NoamNegFull,full,ConcederTBNegotiator,fast concession,time-based,first,2,0.6355078168702297,0.5,1.1355078168702297
panel,Laptop,NoamNegFull,full,ConcederTBNegotiator,fast concession,time-based,second,2,0.6787618253129548,1.0,1.6787618253129548
panel,Laptop,NoamNegFull,full,LinearTBNegotiator,linear time concession,time-based,first,2,0.5775524426410947,1.0,1.5775524426410947
panel,Laptop,NoamNegFull,full,LinearTBNegotiator,linear time concession,time-based,second,2,0.5911036168101367,1.0,1.5911036168101367
panel,Laptop,NoamNegFull,full,ToughNegotiator,"hard line, slow give",time-based,first,2,0.5775524426410947,0.5,1.0775524426410947
panel,Laptop,NoamNegFull,full,ToughNegotiator,"hard line, slow give",time-based,second,2,0.5136317604069089,1.0,1.513631760406909
panel,Laptop,NoamNegFull,full,MiCRONegotiator,MiCRO (Genius-style),genius-style,first,2,0.5775524426410947,1.0,1.5775524426410947
panel,Laptop,NoamNegFull,full,MiCRONegotiator,MiCRO (Genius-style),genius-style,second,2,0.5911036168101367,1.0,1.5911036168101367
panel,Laptop,NoamNegFull,full,TimeBasedNegotiator,generic time-based,time-based,first,2,0.5775524426410947,1.0,1.5775524426410947
panel,Laptop,NoamNegFull,full,TimeBasedNegotiator,generic time-based,time-based,second,2,0.5136317604069089,1.0,1.513631760406909
panel,Laptop,NoamNegFull,full,AspirationNegotiator,aspiration-based,time-based,first,2,0.5775524426410947,1.0,1.5775524426410947
panel,Laptop,NoamNegFull,full,AspirationNegotiator,aspiration-based,time-based,second,2,0.5136317604069089,1.0,1.513631760406909
panel,Laptop,NoamNegFull,full,HybridNegotiator,hybrid time + utility,hybrid,first,2,0.5775524426410947,1.0,1.5775524426410947
panel,Laptop,NoamNegFull,full,HybridNegotiator,hybrid time + utility,hybrid,second,2,0.5136317604069089,1.0,1.513631760406909
panel,Laptop,NoamNegFull,full,RandomNegotiator,random rational offers,baseline,first,2,0.24342769387458202,0.5,0.7434276938745821
panel,Laptop,NoamNegFull,full,RandomNegotiator,random rational offers,baseline,second,2,0.8147742228840573,1.0,1.8147742228840573
panel,Laptop,NoamNegFull,full,FirstOfferOrientedTBNegotiator,anchors on first offer,oriented,first,2,0.5775524426410947,1.0,1.5775524426410947
panel,Laptop,NoamNegFull,full,FirstOfferOrientedTBNegotiator,anchors on first offer,oriented,second,2,0.5136317604069089,1.0,1.513631760406909
panel,Laptop,NoamNegFull,full,LastOfferOrientedTBNegotiator,follows last offer,oriented,first,2,0.5775524426410947,1.0,1.5775524426410947
panel,Laptop,NoamNegFull,full,LastOfferOrientedTBNegotiator,follows last offer,oriented,second,2,0.5911036168101367,1.0,1.5911036168101367
panel,Laptop,NoamNegFull,full,BestOfferOrientedTBNegotiator,tracks best offer seen,oriented,first,2,0.5775524426410947,1.0,1.5775524426410947
panel,Laptop,NoamNegFull,full,BestOfferOrientedTBNegotiator,tracks best offer seen,oriented,second,2,0.5136317604069089,1.0,1.513631760406909
panel,Laptop,NoamNegReverse,reverse,SimpleNegotiator,reverse-ufun + time concede,example,first,2,0.8059990434329688,0.6771094406811734,1.4831084841141422
panel,Laptop,NoamNegReverse,reverse,SimpleNegotiator,reverse-ufun + time concede,example,second,2,1.0,0.7046979865771812,1.7046979865771812
panel,Laptop,NoamNegReverse,reverse,BOANeg,BOA: time offer + Smith + ACNext,example,first,2,0.7715533992081257,0.47733235349222547,1.2488857527003512
panel,Laptop,NoamNegReverse,reverse,BOANeg,BOA: time offer + Smith + ACNext,example,second,2,0.6685754732133643,0.5025014513734233,1.1710769245867876
panel,Laptop,NoamNegReverse,reverse,MAPNeg,"MAP: same stack, acceptance_first",example,first,2,0.7715533992081257,0.4859392576899877,1.2574926568981133
panel,Laptop,NoamNegReverse,reverse,MAPNeg,"MAP: same stack, acceptance_first",example,second,2,0.6685754732133643,0.5278147395319792,1.1963902127453436
panel,Laptop,NoamNegReverse,reverse,BoulwareTBNegotiator,slow concession (Boulware),time-based,first,2,0.7715533992081257,1.0,1.7715533992081256
panel,Laptop,NoamNegReverse,reverse,BoulwareTBNegotiator,slow concession (Boulware),time-based,second,2,0.6685754732133643,1.0,1.6685754732133642
panel,Laptop,NoamNegReverse,reverse,ConcederTBNegotiator,fast concession,time-based,first,2,0.9999999999999999,1.0,2.0
panel,Laptop,NoamNegReverse,reverse,ConcederTBNegotiator,fast concession,time-based,second,2,1.0,1.0,2.0
panel,Laptop,NoamNegReverse,reverse,LinearTBNegotiator,linear time concession,time-based,first,2,0.8059990434329688,1.0,1.8059990434329687
panel,Laptop,NoamNegReverse,reverse,LinearTBNegotiator,linear time concession,time-based,second,2,0.8450562871935448,1.0,1.8450562871935448
panel,Laptop,NoamNegReverse,reverse,ToughNegotiator,"hard line, slow give",time-based,first,2,0.5775524426410947,1.0,1.5775524426410947
panel,Laptop,NoamNegReverse,reverse,ToughNegotiator,"hard line, slow give",time-based,second,2,0.5136317604069089,1.0,1.513631760406909
panel,Laptop,NoamNegReverse,reverse,MiCRONegotiator,MiCRO (Genius-style),genius-style,first,2,0.7715533992081257,1.0,1.7715533992081256
panel,Laptop,NoamNegReverse,reverse,MiCRONegotiator,MiCRO (Genius-style),genius-style,second,2,0.8450562871935448,1.0,1.8450562871935448
panel,Laptop,NoamNegReverse,reverse,TimeBasedNegotiator,generic time-based,time-based,first,2,0.7715533992081257,1.0,1.7715533992081256
panel,Laptop,NoamNegReverse,reverse,TimeBasedNegotiator,generic time-based,time-based,second,2,0.6685754732133643,1.0,1.6685754732133642
panel,Laptop,NoamNegReverse,reverse,AspirationNegotiator,aspiration-based,time-based,first,2,0.7715533992081257,1.0,1.7715533992081256
panel,Laptop,NoamNegReverse,reverse,AspirationNegotiator,aspiration-based,time-based,second,2,0.6685754732133643,1.0,1.6685754732133642
panel,Laptop,NoamNegReverse,reverse,HybridNegotiator,hybrid time + utility,hybrid,first,2,0.7715533992081257,1.0,1.7715533992081256
panel,Laptop,NoamNegReverse,reverse,HybridNegotiator,hybrid time + utility,hybrid,second,2,0.8450562871935448,1.0,1.8450562871935448
panel,Laptop,NoamNegReverse,reverse,RandomNegotiator,random rational offers,baseline,first,2,0.9546514725540346,1.0,1.9546514725540347
panel,Laptop,NoamNegReverse,reverse,RandomNegotiator,random rational offers,baseline,second,2,0.5,1.0,1.5
panel,Laptop,NoamNegReverse,reverse,FirstOfferOrientedTBNegotiator,anchors on first offer,oriented,first,2,0.7715533992081257,1.0,1.7715533992081256
panel,Laptop,NoamNegReverse,reverse,FirstOfferOrientedTBNegotiator,anchors on first offer,oriented,second,2,0.6685754732133643,1.0,1.6685754732133642
panel,Laptop,NoamNegReverse,reverse,LastOfferOrientedTBNegotiator,follows last offer,oriented,first,2,0.7715533992081257,1.0,1.7715533992081256
panel,Laptop,NoamNegReverse,reverse,LastOfferOrientedTBNegotiator,follows last offer,oriented,second,2,0.6685754732133643,1.0,1.6685754732133642
panel,Laptop,NoamNegReverse,reverse,BestOfferOrientedTBNegotiator,tracks best offer seen,oriented,first,2,0.7715533992081257,1.0,1.7715533992081256
panel,Laptop,NoamNegReverse,reverse,BestOfferOrientedTBNegotiator,tracks best offer seen,oriented,second,2,0.6685754732133643,1.0,1.6685754732133642
panel,NiceOrDie,NoamNeg,gradient,SimpleNegotiator,reverse-ufun + time concede,example,first,2,0.1654761904761905,0.5,0.6654761904761906
panel,NiceOrDie,NoamNeg,gradient,SimpleNegotiator,reverse-ufun + time concede,example,second,2,0.1654761904761905,0.5,0.6654761904761906
panel,NiceOrDie,NoamNeg,gradient,BOANeg,BOA: time offer + Smith + ACNext,example,first,2,0.1654761904761905,0.55,0.7154761904761905
panel,NiceOrDie,NoamNeg,gradient,BOANeg,BOA: time offer + Smith + ACNext,example,second,2,0.1654761904761905,0.55,0.7154761904761905
panel,NiceOrDie,NoamNeg,gradient,MAPNeg,"MAP: same stack, acceptance_first",example,first,2,0.1654761904761905,0.5,0.6654761904761906
panel,NiceOrDie,NoamNeg,gradient,MAPNeg,"MAP: same stack, acceptance_first",example,second,2,0.1654761904761905,0.55,0.7154761904761905
panel,NiceOrDie,NoamNeg,gradient,BoulwareTBNegotiator,slow concession (Boulware),time-based,first,2,0.1654761904761905,1.0,1.1654761904761906
panel,NiceOrDie,NoamNeg,gradient,BoulwareTBNegotiator,slow concession (Boulware),time-based,second,2,0.1654761904761905,1.0,1.1654761904761906
panel,NiceOrDie,NoamNeg,gradient,ConcederTBNegotiator,fast concession,time-based,first,2,0.1654761904761905,1.0,1.1654761904761906
panel,NiceOrDie,NoamNeg,gradient,ConcederTBNegotiator,fast concession,time-based,second,2,0.1654761904761905,1.0,1.1654761904761906
panel,NiceOrDie,NoamNeg,gradient,LinearTBNegotiator,linear time concession,time-based,first,2,0.1654761904761905,1.0,1.1654761904761906
panel,NiceOrDie,NoamNeg,gradient,LinearTBNegotiator,linear time concession,time-based,second,2,0.1654761904761905,1.0,1.1654761904761906
panel,NiceOrDie,NoamNeg,gradient,ToughNegotiator,"hard line, slow give",time-based,first,2,0.0,1.0,1.0
panel,NiceOrDie,NoamNeg,gradient,ToughNegotiator,"hard line, slow give",time-based,second,2,0.0,1.0,1.0
panel,NiceOrDie,NoamNeg,gradient,MiCRONegotiator,MiCRO (Genius-style),genius-style,first,2,0.1654761904761905,1.0,1.1654761904761906
panel,NiceOrDie,NoamNeg,gradient,MiCRONegotiator,MiCRO (Genius-style),genius-style,second,2,0.1654761904761905,1.0,1.1654761904761906
panel,NiceOrDie,NoamNeg,gradient,TimeBasedNegotiator,generic time-based,time-based,first,2,0.1654761904761905,1.0,1.1654761904761906
panel,NiceOrDie,NoamNeg,gradient,TimeBasedNegotiator,generic time-based,time-based,second,2,0.1654761904761905,1.0,1.1654761904761906
panel,NiceOrDie,NoamNeg,gradient,AspirationNegotiator,aspiration-based,time-based,first,2,0.1654761904761905,1.0,1.1654761904761906
panel,NiceOrDie,NoamNeg,gradient,AspirationNegotiator,aspiration-based,time-based,second,2,0.1654761904761905,1.0,1.1654761904761906
panel,NiceOrDie,NoamNeg,gradient,HybridNegotiator,hybrid time + utility,hybrid,first,2,0.0,1.0,1.0
panel,NiceOrDie,NoamNeg,gradient,HybridNegotiator,hybrid time + utility,hybrid,second,2,0.0,1.0,1.0
panel,NiceOrDie,NoamNeg,gradient,RandomNegotiator,random rational offers,baseline,first,2,0.1654761904761905,0.0,0.1654761904761905
panel,NiceOrDie,NoamNeg,gradient,RandomNegotiator,random rational offers,baseline,second,2,0.5827380952380953,1.0,1.5827380952380952
panel,NiceOrDie,NoamNeg,gradient,FirstOfferOrientedTBNegotiator,anchors on first offer,oriented,first,2,0.1654761904761905,1.0,1.1654761904761906
panel,NiceOrDie,NoamNeg,gradient,FirstOfferOrientedTBNegotiator,anchors on first offer,oriented,second,2,0.1654761904761905,1.0,1.1654761904761906
panel,NiceOrDie,NoamNeg,gradient,LastOfferOrientedTBNegotiator,follows last offer,oriented,first,2,0.1654761904761905,1.0,1.1654761904761906
panel,NiceOrDie,NoamNeg,gradient,LastOfferOrientedTBNegotiator,follows last offer,oriented,second,2,0.1654761904761905,1.0,1.1654761904761906
panel,NiceOrDie,NoamNeg,gradient,BestOfferOrientedTBNegotiator,tracks best offer seen,oriented,first,2,0.1654761904761905,1.0,1.1654761904761906
panel,NiceOrDie,NoamNeg,gradient,BestOfferOrientedTBNegotiator,tracks best offer seen,oriented,second,2,0.1654761904761905,1.0,1.1654761904761906
panel,NiceOrDie,NoamNegFull,full,SimpleNegotiator,reverse-ufun + time concede,example,first,2,0.1654761904761905,0.5,0.6654761904761906
panel,NiceOrDie,NoamNegFull,full,SimpleNegotiator,reverse-ufun + time concede,example,second,2,0.1654761904761905,0.5,0.6654761904761906
panel,NiceOrDie,NoamNegFull,full,BOANeg,BOA: time offer + Smith + ACNext,example,first,2,0.1654761904761905,0.5,0.6654761904761906
panel,NiceOrDie,NoamNegFull,full,BOANeg,BOA: time offer + Smith + ACNext,example,second,2,0.1654761904761905,0.5,0.6654761904761906
panel,NiceOrDie,NoamNegFull,full,MAPNeg,"MAP: same stack, acceptance_first",example,first,2,0.1654761904761905,0.5,0.6654761904761906
panel,NiceOrDie,NoamNegFull,full,MAPNeg,"MAP: same stack, acceptance_first",example,second,2,0.1654761904761905,0.5,0.6654761904761906
panel,NiceOrDie,NoamNegFull,full,BoulwareTBNegotiator,slow concession (Boulware),time-based,first,2,0.1654761904761905,1.0,1.1654761904761906
panel,NiceOrDie,NoamNegFull,full,BoulwareTBNegotiator,slow concession (Boulware),time-based,second,2,0.1654761904761905,1.0,1.1654761904761906
panel,NiceOrDie,NoamNegFull,full,ConcederTBNegotiator,fast concession,time-based,first,2,0.1654761904761905,1.0,1.1654761904761906
panel,NiceOrDie,NoamNegFull,full,ConcederTBNegotiator,fast concession,time-based,second,2,0.1654761904761905,1.0,1.1654761904761906
panel,NiceOrDie,NoamNegFull,full,LinearTBNegotiator,linear time concession,time-based,first,2,0.1654761904761905,1.0,1.1654761904761906
panel,NiceOrDie,NoamNegFull,full,LinearTBNegotiator,linear time concession,time-based,second,2,0.1654761904761905,1.0,1.1654761904761906
panel,NiceOrDie,NoamNegFull,full,ToughNegotiator,"hard line, slow give",time-based,first,2,0.0,1.0,1.0
panel,NiceOrDie,NoamNegFull,full,ToughNegotiator,"hard line, slow give",time-based,second,2,0.0,1.0,1.0
panel,NiceOrDie,NoamNegFull,full,MiCRONegotiator,MiCRO (Genius-style),genius-style,first,2,0.1654761904761905,1.0,1.1654761904761906
panel,NiceOrDie,NoamNegFull,full,MiCRONegotiator,MiCRO (Genius-style),genius-style,second,2,0.1654761904761905,1.0,1.1654761904761906
panel,NiceOrDie,NoamNegFull,full,TimeBasedNegotiator,generic time-based,time-based,first,2,0.1654761904761905,1.0,1.1654761904761906
panel,NiceOrDie,NoamNegFull,full,TimeBasedNegotiator,generic time-based,time-based,second,2,0.1654761904761905,1.0,1.1654761904761906
panel,NiceOrDie,NoamNegFull,full,AspirationNegotiator,aspiration-based,time-based,first,2,0.1654761904761905,1.0,1.1654761904761906
panel,NiceOrDie,NoamNegFull,full,AspirationNegotiator,aspiration-based,time-based,second,2,0.1654761904761905,1.0,1.1654761904761906
panel,NiceOrDie,NoamNegFull,full,HybridNegotiator,hybrid time + utility,hybrid,first,2,0.0,1.0,1.0
panel,NiceOrDie,NoamNegFull,full,HybridNegotiator,hybrid time + utility,hybrid,second,2,0.0,1.0,1.0
panel,NiceOrDie,NoamNegFull,full,RandomNegotiator,random rational offers,baseline,first,2,0.1654761904761905,0.5,0.6654761904761906
panel,NiceOrDie,NoamNegFull,full,RandomNegotiator,random rational offers,baseline,second,2,0.5827380952380953,1.0,1.5827380952380952
panel,NiceOrDie,NoamNegFull,full,FirstOfferOrientedTBNegotiator,anchors on first offer,oriented,first,2,0.1654761904761905,1.0,1.1654761904761906
panel,NiceOrDie,NoamNegFull,full,FirstOfferOrientedTBNegotiator,anchors on first offer,oriented,second,2,0.1654761904761905,1.0,1.1654761904761906
panel,NiceOrDie,NoamNegFull,full,LastOfferOrientedTBNegotiator,follows last offer,oriented,first,2,0.1654761904761905,1.0,1.1654761904761906
panel,NiceOrDie,NoamNegFull,full,LastOfferOrientedTBNegotiator,follows last offer,oriented,second,2,0.1654761904761905,1.0,1.1654761904761906
panel,NiceOrDie,NoamNegFull,full,BestOfferOrientedTBNegotiator,tracks best offer seen,oriented,first,2,0.1654761904761905,1.0,1.1654761904761906
panel,NiceOrDie,NoamNegFull,full,BestOfferOrientedTBNegotiator,tracks best offer seen,oriented,second,2,0.1654761904761905,1.0,1.1654761904761906
panel,NiceOrDie,NoamNegReverse,reverse,SimpleNegotiator,reverse-ufun + time concede,example,first,2,0.1654761904761905,0.5,0.6654761904761906
panel,NiceOrDie,NoamNegReverse,reverse,SimpleNegotiator,reverse-ufun + time concede,example,second,2,0.1654761904761905,0.5,0.6654761904761906
panel,NiceOrDie,NoamNegReverse,reverse,BOANeg,BOA: time offer + Smith + ACNext,example,first,2,0.1654761904761905,0.5,0.6654761904761906
panel,NiceOrDie,NoamNegReverse,reverse,BOANeg,BOA: time offer + Smith + ACNext,example,second,2,0.1654761904761905,0.5,0.6654761904761906
panel,NiceOrDie,NoamNegReverse,reverse,MAPNeg,"MAP: same stack, acceptance_first",example,first,2,0.1654761904761905,0.5,0.6654761904761906
panel,NiceOrDie,NoamNegReverse,reverse,MAPNeg,"MAP: same stack, acceptance_first",example,second,2,0.1654761904761905,0.5,0.6654761904761906
panel,NiceOrDie,NoamNegReverse,reverse,BoulwareTBNegotiator,slow concession (Boulware),time-based,first,2,0.1654761904761905,1.0,1.1654761904761906
panel,NiceOrDie,NoamNegReverse,reverse,BoulwareTBNegotiator,slow concession (Boulware),time-based,second,2,0.1654761904761905,1.0,1.1654761904761906
panel,NiceOrDie,NoamNegReverse,reverse,ConcederTBNegotiator,fast concession,time-based,first,2,0.1654761904761905,1.0,1.1654761904761906
panel,NiceOrDie,NoamNegReverse,reverse,ConcederTBNegotiator,fast concession,time-based,second,2,0.1654761904761905,1.0,1.1654761904761906
panel,NiceOrDie,NoamNegReverse,reverse,LinearTBNegotiator,linear time concession,time-based,first,2,0.1654761904761905,1.0,1.1654761904761906
panel,NiceOrDie,NoamNegReverse,reverse,LinearTBNegotiator,linear time concession,time-based,second,2,0.1654761904761905,1.0,1.1654761904761906
panel,NiceOrDie,NoamNegReverse,reverse,ToughNegotiator,"hard line, slow give",time-based,first,2,0.0,1.0,1.0
panel,NiceOrDie,NoamNegReverse,reverse,ToughNegotiator,"hard line, slow give",time-based,second,2,0.0,1.0,1.0
panel,NiceOrDie,NoamNegReverse,reverse,MiCRONegotiator,MiCRO (Genius-style),genius-style,first,2,0.1654761904761905,1.0,1.1654761904761906
panel,NiceOrDie,NoamNegReverse,reverse,MiCRONegotiator,MiCRO (Genius-style),genius-style,second,2,0.1654761904761905,1.0,1.1654761904761906
panel,NiceOrDie,NoamNegReverse,reverse,TimeBasedNegotiator,generic time-based,time-based,first,2,0.1654761904761905,1.0,1.1654761904761906
panel,NiceOrDie,NoamNegReverse,reverse,TimeBasedNegotiator,generic time-based,time-based,second,2,0.1654761904761905,1.0,1.1654761904761906
panel,NiceOrDie,NoamNegReverse,reverse,AspirationNegotiator,aspiration-based,time-based,first,2,0.1654761904761905,1.0,1.1654761904761906
panel,NiceOrDie,NoamNegReverse,reverse,AspirationNegotiator,aspiration-based,time-based,second,2,0.1654761904761905,1.0,1.1654761904761906
panel,NiceOrDie,NoamNegReverse,reverse,HybridNegotiator,hybrid time + utility,hybrid,first,2,0.0,1.0,1.0
panel,NiceOrDie,NoamNegReverse,reverse,HybridNegotiator,hybrid time + utility,hybrid,second,2,0.0,1.0,1.0
panel,NiceOrDie,NoamNegReverse,reverse,RandomNegotiator,random rational offers,baseline,first,2,0.5,0.5,1.0
panel,NiceOrDie,NoamNegReverse,reverse,RandomNegotiator,random rational offers,baseline,second,2,0.5827380952380953,1.0,1.5827380952380952
panel,NiceOrDie,NoamNegReverse,reverse,FirstOfferOrientedTBNegotiator,anchors on first offer,oriented,first,2,0.1654761904761905,1.0,1.1654761904761906
panel,NiceOrDie,NoamNegReverse,reverse,FirstOfferOrientedTBNegotiator,anchors on first offer,oriented,second,2,0.1654761904761905,1.0,1.1654761904761906
panel,NiceOrDie,NoamNegReverse,reverse,LastOfferOrientedTBNegotiator,follows last offer,oriented,first,2,0.1654761904761905,1.0,1.1654761904761906
panel,NiceOrDie,NoamNegReverse,reverse,LastOfferOrientedTBNegotiator,follows last offer,oriented,second,2,0.1654761904761905,1.0,1.1654761904761906
panel,NiceOrDie,NoamNegReverse,reverse,BestOfferOrientedTBNegotiator,tracks best offer seen,oriented,first,2,0.1654761904761905,1.0,1.1654761904761906
panel,NiceOrDie,NoamNegReverse,reverse,BestOfferOrientedTBNegotiator,tracks best offer seen,oriented,second,2,0.1654761904761905,1.0,1.1654761904761906
head_to_head,Amsterdam,NoamNeg,gradient,NoamNegFull,full,decoy,first,2,0.5929368029739777,0.0,0.5929368029739777
head_to_head,Amsterdam,NoamNegFull,full,NoamNeg,gradient,decoy,second,2,0.6404109589041096,1.0,1.6404109589041096
head_to_head,Amsterdam,NoamNeg,gradient,NoamNegFull,full,decoy,second,2,0.5136986301369864,0.4746219855999627,0.9883206157369491
head_to_head,Amsterdam,NoamNegFull,full,NoamNeg,gradient,decoy,first,2,0.5966542750929368,0.5253780144000373,1.122032289492974
head_to_head,Amsterdam,NoamNeg,gradient,NoamNegReverse,reverse,decoy,first,2,0.6486988847583643,0.48124781955411466,1.129946704312479
head_to_head,Amsterdam,NoamNegReverse,reverse,NoamNeg,gradient,decoy,second,2,0.8476027397260274,0.5187521804458852,1.3663549201719127
head_to_head,Amsterdam,NoamNeg,gradient,NoamNegReverse,reverse,decoy,second,2,0.6917808219178081,0.5806211309392924,1.2724019528571007
head_to_head,Amsterdam,NoamNegReverse,reverse,NoamNeg,gradient,decoy,first,2,0.9107806691449815,0.41937886906070765,1.330159538205689
head_to_head,Amsterdam,NoamNegFull,full,NoamNegReverse,reverse,decoy,first,2,0.5427509293680297,0.6200885320012313,1.162839461369261
head_to_head,Amsterdam,NoamNegReverse,reverse,NoamNegFull,full,decoy,second,2,0.922945205479452,0.3799114679987687,1.3028566734782208
head_to_head,Amsterdam,NoamNegFull,full,NoamNegReverse,reverse,decoy,second,2,0.6130136986301369,0.6329112223229381,1.245924920953075
head_to_head,Amsterdam,NoamNegReverse,reverse,NoamNegFull,full,decoy,first,2,0.9107806691449815,0.36708877767706183,1.2778694468220433
head_to_head,Camera,NoamNeg,gradient,NoamNegFull,full,decoy,first,2,0.6453459013634069,0.2451938428000594,0.8905397441634664
head_to_head,Camera,NoamNegFull,full,NoamNeg,gradient,decoy,second,2,0.578105473631592,0.7548061571999407,1.3329116308315327
head_to_head,Camera,NoamNeg,gradient,NoamNegFull,full,decoy,second,2,0.5581104723819046,0.44652021237119843,1.004630684753103
head_to_head,Camera,NoamNegFull,full,NoamNeg,gradient,decoy,first,2,0.6555293721595692,0.5534797876288015,1.2090091597883705
head_to_head,Camera,NoamNeg,gradient,NoamNegReverse,reverse,decoy,first,2,0.7366604948661841,0.4838515424343203,1.2205120373005043
head_to_head,Camera,NoamNegReverse,reverse,NoamNeg,gradient,decoy,second,2,0.7210697325668585,0.5161484575656796,1.237218190132538
head_to_head,Camera,NoamNeg,gradient,NoamNegReverse,reverse,decoy,second,2,0.5771057235691077,0.7649338274099076,1.3420395509790155
head_to_head,Camera,NoamNegReverse,reverse,NoamNeg,gradient,decoy,first,2,0.8736744655781856,0.23506617259009235,1.1087406381682778
head_to_head,Camera,NoamNegFull,full,NoamNegReverse,reverse,decoy,first,2,0.6310385456993771,0.5657090101568413,1.1967475558562184
head_to_head,Camera,NoamNegReverse,reverse,NoamNegFull,full,decoy,second,2,0.8295426143464135,0.4342909898431588,1.2638336041895724
head_to_head,Camera,NoamNegFull,full,NoamNegReverse,reverse,decoy,second,2,0.6074731317170707,0.6013452062539411,1.208818337971012
head_to_head,Camera,NoamNegReverse,reverse,NoamNegFull,full,decoy,first,2,0.8740111092408686,0.39865479374605894,1.2726659029869274
head_to_head,Car,NoamNeg,gradient,NoamNegFull,full,decoy,first,2,0.82365,0.22531101841603177,1.0489610184160318
head_to_head,Car,NoamNegFull,full,NoamNeg,gradient,decoy,second,2,0.7644,0.7746889815839683,1.5390889815839683
head_to_head,Car,NoamNeg,gradient,NoamNegFull,full,decoy,second,2,0.8988,1.0,1.8988
head_to_head,Car,NoamNegFull,full,NoamNeg,gradient,decoy,first,2,0.8653000000000001,0.0,0.8653000000000001
head_to_head,Car,NoamNeg,gradient,NoamNegReverse,reverse,decoy,first,2,0.90515,0.5079496510406527,1.4130996510406528
head_to_head,Car,NoamNegReverse,reverse,NoamNeg,gradient,decoy,second,2,0.9298,0.4920503489593473,1.4218503489593473
head_to_head,Car,NoamNeg,gradient,NoamNegReverse,reverse,decoy,second,2,0.7973000000000001,0.5540495142077269,1.351349514207727
head_to_head,Car,NoamNegReverse,reverse,NoamNeg,gradient,decoy,first,2,0.9364,0.44595048579227314,1.3823504857922733
head_to_head,Car,NoamNegFull,full,NoamNegReverse,reverse,decoy,first,2,0.5927,0.5600144161684459,1.152714416168446
head_to_head,Car,NoamNegReverse,reverse,NoamNegFull,full,decoy,second,2,0.9469000000000001,0.43998558383155395,1.386885583831554
head_to_head,Car,NoamNegFull,full,NoamNegReverse,reverse,decoy,second,2,0.6394000000000001,0.5628116011533157,1.202211601153316
head_to_head,Car,NoamNegReverse,reverse,NoamNegFull,full,decoy,first,2,0.9540500000000001,0.43718839884668426,1.3912383988466843
head_to_head,Grocery,NoamNeg,gradient,NoamNegFull,full,decoy,first,2,0.5138888888888891,0.48072015580071326,0.9946090446896023
head_to_head,Grocery,NoamNegFull,full,NoamNeg,gradient,decoy,second,2,0.6138888888888889,0.5192798441992867,1.1331687330881757
head_to_head,Grocery,NoamNeg,gradient,NoamNegFull,full,decoy,second,2,0.6583333333333333,0.7541981317333589,1.4125314650666922
head_to_head,Grocery,NoamNegFull,full,NoamNeg,gradient,decoy,first,2,0.6472222222222224,0.24580186826664108,0.8930240904888634
head_to_head,Grocery,NoamNeg,gradient,NoamNegReverse,reverse,decoy,first,2,0.4555555555555556,0.5734452484982119,1.0290008040537675
head_to_head,Grocery,NoamNegReverse,reverse,NoamNeg,gradient,decoy,second,2,0.9444444444444444,0.4265547515017881,1.3709991959462324
head_to_head,Grocery,NoamNeg,gradient,NoamNegReverse,reverse,decoy,second,2,0.7333333333333334,0.5568803506291796,1.2902136839625131
head_to_head,Grocery,NoamNegReverse,reverse,NoamNeg,gradient,decoy,first,2,0.8027777777777778,0.4431196493708204,1.2458974271485983
head_to_head,Grocery,NoamNegFull,full,NoamNegReverse,reverse,decoy,first,2,0.5944444444444446,0.5497336570165894,1.144178101461034
head_to_head,Grocery,NoamNegReverse,reverse,NoamNegFull,full,decoy,second,2,0.8694444444444445,0.4502663429834105,1.319710787427855
head_to_head,Grocery,NoamNegFull,full,NoamNegReverse,reverse,decoy,second,2,0.7333333333333334,0.5653128351558698,1.2986461684892032
head_to_head,Grocery,NoamNegReverse,reverse,NoamNegFull,full,decoy,first,2,0.8,0.43468716484413017,1.2346871648441302
head_to_head,ISBTAcquisition,NoamNeg,gradient,NoamNegFull,full,decoy,first,2,0.7124183006535948,0.200241273834471,0.9126595744880658
head_to_head,ISBTAcquisition,NoamNegFull,full,NoamNeg,gradient,decoy,second,2,0.6097560975609755,0.799758726165529,1.4095148237265045
head_to_head,ISBTAcquisition,NoamNeg,gradient,NoamNegFull,full,decoy,second,2,0.7134146341463414,0.7461901479874291,1.4596047821337705
head_to_head,ISBTAcquisition,NoamNegFull,full,NoamNeg,gradient,decoy,first,2,0.5784313725490197,0.25380985201257084,0.8322412245615904
head_to_head,ISBTAcquisition,NoamNeg,gradient,NoamNegReverse,reverse,decoy,first,2,0.6045751633986929,0.5125413355029981,1.1171164989016908
head_to_head,ISBTAcquisition,NoamNegReverse,reverse,NoamNeg,gradient,decoy,second,2,0.8414634146341463,0.4874586644970019,1.3289220791311482
head_to_head,ISBTAcquisition,NoamNeg,gradient,NoamNegReverse,reverse,decoy,second,2,0.7073170731707317,0.5608981843448131,1.2682152575155448
head_to_head,ISBTAcquisition,NoamNegReverse,reverse,NoamNeg,gradient,decoy,first,2,0.8627450980392157,0.4391018156551869,1.3018469136944026
head_to_head,ISBTAcquisition,NoamNegFull,full,NoamNegReverse,reverse,decoy,first,2,0.4934640522875817,0.6065524345892249,1.1000164868768065
head_to_head,ISBTAcquisition,NoamNegReverse,reverse,NoamNegFull,full,decoy,second,2,0.8475609756097561,0.3934475654107751,1.2410085410205312
head_to_head,ISBTAcquisition,NoamNegFull,full,NoamNegReverse,reverse,decoy,second,2,0.621951219512195,0.8113994456334148,1.43335066514561
head_to_head,ISBTAcquisition,NoamNegReverse,reverse,NoamNegFull,full,decoy,first,2,0.84640522875817,0.1886005543665852,1.0350057831247552
head_to_head,Laptop,NoamNeg,gradient,NoamNegFull,full,decoy,first,2,0.6808563443161951,0.26959656572844687,0.9504529100446419
head_to_head,Laptop,NoamNegFull,full,NoamNeg,gradient,decoy,second,2,0.7670022323030451,0.7304034342715531,1.4974056665745983
head_to_head,Laptop,NoamNeg,gradient,NoamNegFull,full,decoy,second,2,0.9219459451095005,1.0,1.9219459451095005
head_to_head,Laptop,NoamNegFull,full,NoamNeg,gradient,decoy,first,2,0.48685538774916404,0.0,0.48685538774916404
head_to_head,Laptop,NoamNeg,gradient,NoamNegReverse,reverse,decoy,first,2,0.5775524426410947,0.5597689000120959,1.1373213426531907
head_to_head,Laptop,NoamNegReverse,reverse,NoamNeg,gradient,decoy,second,2,1.0,0.44023109998790416,1.440231099987904
head_to_head,Laptop,NoamNeg,gradient,NoamNegReverse,reverse,decoy,second,2,0.5136317604069089,0.5306317823909723,1.0442635427978813
head_to_head,Laptop,NoamNegReverse,reverse,NoamNeg,gradient,decoy,first,2,0.9999999999999999,0.46936821760902775,1.4693682176090277
head_to_head,Laptop,NoamNegFull,full,NoamNegReverse,reverse,decoy,first,2,0.5322039151951294,0.593488253508173,1.1256921687033024
head_to_head,Laptop,NoamNegReverse,reverse,NoamNegFull,full,decoy,second,2,0.9609729725547502,0.40651174649182703,1.3674847190465773
head_to_head,Laptop,NoamNegFull,full,NoamNegReverse,reverse,decoy,second,2,0.5136317604069089,0.5438830734146753,1.0575148338215843
head_to_head,Laptop,NoamNegReverse,reverse,NoamNegFull,full,decoy,first,2,0.9999999999999999,0.45611692658532477,1.4561169265853247
head_to_head,NiceOrDie,NoamNeg,gradient,NoamNegFull,full,decoy,first,2,0.1654761904761905,0.0,0.1654761904761905
head_to_head,NiceOrDie,NoamNegFull,full,NoamNeg,gradient,decoy,second,2,0.1654761904761905,1.0,1.1654761904761906
head_to_head,NiceOrDie,NoamNeg,gradient,NoamNegFull,full,decoy,second,2,0.1654761904761905,1.0,1.1654761904761906
head_to_head,NiceOrDie,NoamNegFull,full,NoamNeg,gradient,decoy,first,2,0.1654761904761905,0.0,0.1654761904761905
head_to_head,NiceOrDie,NoamNeg,gradient,NoamNegReverse,reverse,decoy,first,2,0.1654761904761905,0.3224744871391589,0.4879506776153494
head_to_head,NiceOrDie,NoamNegReverse,reverse,NoamNeg,gradient,decoy,second,2,0.1654761904761905,0.6775255128608411,0.8430017033370316
head_to_head,NiceOrDie,NoamNeg,gradient,NoamNegReverse,reverse,decoy,second,2,0.1654761904761905,0.8224744871391589,0.9879506776153494
head_to_head,NiceOrDie,NoamNegReverse,reverse,NoamNeg,gradient,decoy,first,2,0.1654761904761905,0.1775255128608411,0.3430017033370316
head_to_head,NiceOrDie,NoamNegFull,full,NoamNegReverse,reverse,decoy,first,2,0.1654761904761905,0.3224744871391589,0.4879506776153494
head_to_head,NiceOrDie,NoamNegReverse,reverse,NoamNegFull,full,decoy,second,2,0.1654761904761905,0.6775255128608411,0.8430017033370316
head_to_head,NiceOrDie,NoamNegFull,full,NoamNegReverse,reverse,decoy,second,2,0.1654761904761905,0.8224744871391589,0.9879506776153494
head_to_head,NiceOrDie,NoamNegReverse,reverse,NoamNegFull,full,decoy,first,2,0.1654761904761905,0.1775255128608411,0.3430017033370316
