agent_mode,panel,group,scenario,opponent,opponent_class,family,agent_first,runs,advantage,concealing,score
v3,stress,baseline,Amsterdam,BoulwareTBNegotiator,negmas.sao.BoulwareTBNegotiator,time-based,first,2,0.7100371747211895,1.0,1.7100371747211895
v3,stress,baseline,Amsterdam,BoulwareTBNegotiator,negmas.sao.BoulwareTBNegotiator,time-based,second,2,0.6198630136986301,1.0,1.61986301369863
v3,stress,baseline,Amsterdam,ConcederTBNegotiator,negmas.sao.ConcederTBNegotiator,time-based,first,2,0.7546468401486989,1.0,1.7546468401486988
v3,stress,baseline,Amsterdam,ConcederTBNegotiator,negmas.sao.ConcederTBNegotiator,time-based,second,2,0.6267123287671232,1.0,1.6267123287671232
v3,stress,baseline,Amsterdam,LinearTBNegotiator,negmas.sao.LinearTBNegotiator,time-based,first,2,0.4851301115241635,1.0,1.4851301115241635
v3,stress,baseline,Amsterdam,LinearTBNegotiator,negmas.sao.LinearTBNegotiator,time-based,second,2,0.5787671232876711,1.0,1.5787671232876712
v3,stress,baseline,Amsterdam,ToughNegotiator,negmas.sao.ToughNegotiator,time-based,first,2,0.30855018587360594,1.0,1.308550185873606
v3,stress,baseline,Amsterdam,ToughNegotiator,negmas.sao.ToughNegotiator,time-based,second,2,0.47260273972602734,1.0,1.4726027397260273
v3,stress,baseline,Amsterdam,TimeBasedNegotiator,negmas.sao.TimeBasedNegotiator,time-based,first,2,0.6802973977695167,1.0,1.6802973977695168
v3,stress,baseline,Amsterdam,TimeBasedNegotiator,negmas.sao.TimeBasedNegotiator,time-based,second,2,0.6455479452054794,1.0,1.6455479452054793
v3,stress,baseline,Amsterdam,AspirationNegotiator,negmas.sao.AspirationNegotiator,time-based,first,2,0.7100371747211895,1.0,1.7100371747211895
v3,stress,baseline,Amsterdam,AspirationNegotiator,negmas.sao.AspirationNegotiator,time-based,second,2,0.6232876712328766,1.0,1.6232876712328768
v3,stress,baseline,Amsterdam,HybridNegotiator,negmas.sao.HybridNegotiator,hybrid,first,2,0.5483271375464684,1.0,1.5483271375464684
v3,stress,baseline,Amsterdam,HybridNegotiator,negmas.sao.HybridNegotiator,hybrid,second,2,0.6095890410958904,1.0,1.6095890410958904
v3,stress,baseline,Amsterdam,RandomNegotiator,negmas.sao.RandomNegotiator,baseline,first,2,0.5539033457249071,1.0,1.553903345724907
v3,stress,baseline,Amsterdam,RandomNegotiator,negmas.sao.RandomNegotiator,baseline,second,2,0.7431506849315068,1.0,1.7431506849315068
v3,stress,baseline,Amsterdam,NaiveTitForTatNegotiator,negmas.sao.NaiveTitForTatNegotiator,behavioral,first,2,0.5464684014869888,0.5336071955860712,1.08007559707306
v3,stress,baseline,Amsterdam,NaiveTitForTatNegotiator,negmas.sao.NaiveTitForTatNegotiator,behavioral,second,2,0.696917808219178,0.5655539534857612,1.2624717617049392
v3,stress,baseline,Amsterdam,SimpleTitForTatNegotiator,negmas.sao.SimpleTitForTatNegotiator,behavioral,first,2,0.483271375464684,0.5432459496378818,1.0265173251025659
v3,stress,baseline,Amsterdam,SimpleTitForTatNegotiator,negmas.sao.SimpleTitForTatNegotiator,behavioral,second,2,0.5496575342465753,0.5669580912604567,1.1166156255070319
v3,stress,baseline,Amsterdam,FirstOfferOrientedTBNegotiator,negmas.sao.FirstOfferOrientedTBNegotiator,oriented,first,2,0.7100371747211895,1.0,1.7100371747211895
v3,stress,baseline,Amsterdam,FirstOfferOrientedTBNegotiator,negmas.sao.FirstOfferOrientedTBNegotiator,oriented,second,2,0.6198630136986301,1.0,1.61986301369863
v3,stress,baseline,Amsterdam,LastOfferOrientedTBNegotiator,negmas.sao.LastOfferOrientedTBNegotiator,oriented,first,2,0.7100371747211895,1.0,1.7100371747211895
v3,stress,baseline,Amsterdam,LastOfferOrientedTBNegotiator,negmas.sao.LastOfferOrientedTBNegotiator,oriented,second,2,0.6352739726027397,1.0,1.6352739726027399
v3,stress,baseline,Camera,BoulwareTBNegotiator,negmas.sao.BoulwareTBNegotiator,time-based,first,2,0.6204342703248611,1.0,1.620434270324861
v3,stress,baseline,Camera,BoulwareTBNegotiator,negmas.sao.BoulwareTBNegotiator,time-based,second,2,0.6100974756310923,1.0,1.6100974756310924
v3,stress,baseline,Camera,ConcederTBNegotiator,negmas.sao.ConcederTBNegotiator,time-based,first,2,0.8845312236997138,1.0,1.8845312236997138
v3,stress,baseline,Camera,ConcederTBNegotiator,negmas.sao.ConcederTBNegotiator,time-based,second,2,0.6543364158960261,1.0,1.654336415896026
v3,stress,baseline,Camera,LinearTBNegotiator,negmas.sao.LinearTBNegotiator,time-based,first,2,0.6241373506143746,1.0,1.6241373506143746
v3,stress,baseline,Camera,LinearTBNegotiator,negmas.sao.LinearTBNegotiator,time-based,second,2,0.5606098475381156,1.0,1.5606098475381156
v3,stress,baseline,Camera,ToughNegotiator,negmas.sao.ToughNegotiator,time-based,first,2,0.26931493014644,1.0,1.26931493014644
v3,stress,baseline,Camera,ToughNegotiator,negmas.sao.ToughNegotiator,time-based,second,2,0.4558860284928768,1.0,1.4558860284928767
v3,stress,baseline,Camera,TimeBasedNegotiator,negmas.sao.TimeBasedNegotiator,time-based,first,2,0.6204342703248611,1.0,1.620434270324861
v3,stress,baseline,Camera,TimeBasedNegotiator,negmas.sao.TimeBasedNegotiator,time-based,second,2,0.6100974756310923,1.0,1.6100974756310924
v3,stress,baseline,Camera,AspirationNegotiator,negmas.sao.AspirationNegotiator,time-based,first,2,0.6805251641137855,1.0,1.6805251641137855
v3,stress,baseline,Camera,AspirationNegotiator,negmas.sao.AspirationNegotiator,time-based,second,2,0.6100974756310923,1.0,1.6100974756310924
v3,stress,baseline,Camera,HybridNegotiator,negmas.sao.HybridNegotiator,hybrid,first,2,0.7033327722605622,1.0,1.7033327722605622
v3,stress,baseline,Camera,HybridNegotiator,negmas.sao.HybridNegotiator,hybrid,second,2,0.5841039740064985,1.0,1.5841039740064984
v3,stress,baseline,Camera,RandomNegotiator,negmas.sao.RandomNegotiator,baseline,first,2,0.26275037872412055,0.5,0.7627503787241205
v3,stress,baseline,Camera,RandomNegotiator,negmas.sao.RandomNegotiator,baseline,second,2,0.7054486378405399,1.0,1.70544863784054
v3,stress,baseline,Camera,NaiveTitForTatNegotiator,negmas.sao.NaiveTitForTatNegotiator,behavioral,first,2,0.4825786904561521,0.6212695242403017,1.1038482146964537
v3,stress,baseline,Camera,NaiveTitForTatNegotiator,negmas.sao.NaiveTitForTatNegotiator,behavioral,second,2,0.5621094726318421,0.6160453484407502,1.1781548210725923
v3,stress,baseline,Camera,SimpleTitForTatNegotiator,negmas.sao.SimpleTitForTatNegotiator,behavioral,first,2,0.4899848510351792,0.6207351338413228,1.1107199848765021
v3,stress,baseline,Camera,SimpleTitForTatNegotiator,negmas.sao.SimpleTitForTatNegotiator,behavioral,second,2,0.6569607598100475,0.6135388243566919,1.2704995841667395
v3,stress,baseline,Camera,FirstOfferOrientedTBNegotiator,negmas.sao.FirstOfferOrientedTBNegotiator,oriented,first,2,0.6204342703248611,1.0,1.620434270324861
v3,stress,baseline,Camera,FirstOfferOrientedTBNegotiator,negmas.sao.FirstOfferOrientedTBNegotiator,oriented,second,2,0.6174706323419146,1.0,1.6174706323419146
v3,stress,baseline,Camera,LastOfferOrientedTBNegotiator,negmas.sao.LastOfferOrientedTBNegotiator,oriented,first,2,0.6204342703248611,1.0,1.620434270324861
v3,stress,baseline,Camera,LastOfferOrientedTBNegotiator,negmas.sao.LastOfferOrientedTBNegotiator,oriented,second,2,0.5971007248187954,1.0,1.5971007248187954
v3,stress,baseline,Car,BoulwareTBNegotiator,negmas.sao.BoulwareTBNegotiator,time-based,first,2,0.7375,1.0,1.7375
v3,stress,baseline,Car,BoulwareTBNegotiator,negmas.sao.BoulwareTBNegotiator,time-based,second,2,0.7408000000000001,1.0,1.7408000000000001
v3,stress,baseline,Car,ConcederTBNegotiator,negmas.sao.ConcederTBNegotiator,time-based,first,2,0.6848500000000001,0.0,0.6848500000000001
v3,stress,baseline,Car,ConcederTBNegotiator,negmas.sao.ConcederTBNegotiator,time-based,second,2,0.9787999999999999,1.0,1.9788
v3,stress,baseline,Car,LinearTBNegotiator,negmas.sao.LinearTBNegotiator,time-based,first,2,0.7371000000000001,1.0,1.7370999999999999
v3,stress,baseline,Car,LinearTBNegotiator,negmas.sao.LinearTBNegotiator,time-based,second,2,0.8128000000000002,1.0,1.8128000000000002
v3,stress,baseline,Car,ToughNegotiator,negmas.sao.ToughNegotiator,time-based,first,2,0.0,1.0,1.0
v3,stress,baseline,Car,ToughNegotiator,negmas.sao.ToughNegotiator,time-based,second,2,0.0,1.0,1.0
v3,stress,baseline,Car,TimeBasedNegotiator,negmas.sao.TimeBasedNegotiator,time-based,first,2,0.7775000000000001,1.0,1.7775
v3,stress,baseline,Car,TimeBasedNegotiator,negmas.sao.TimeBasedNegotiator,time-based,second,2,0.7698,1.0,1.7698
v3,stress,baseline,Car,AspirationNegotiator,negmas.sao.AspirationNegotiator,time-based,first,2,0.79665,1.0,1.79665
v3,stress,baseline,Car,AspirationNegotiator,negmas.sao.AspirationNegotiator,time-based,second,2,0.8716000000000002,1.0,1.8716000000000002
v3,stress,baseline,Car,HybridNegotiator,negmas.sao.HybridNegotiator,hybrid,first,2,0.7081000000000002,1.0,1.7081
v3,stress,baseline,Car,HybridNegotiator,negmas.sao.HybridNegotiator,hybrid,second,2,0.6878000000000002,1.0,1.6878000000000002
v3,stress,baseline,Car,RandomNegotiator,negmas.sao.RandomNegotiator,baseline,first,2,0.48300000000000004,0.5,0.9830000000000001
v3,stress,baseline,Car,RandomNegotiator,negmas.sao.RandomNegotiator,baseline,second,2,0.6909000000000001,1.0,1.6909
v3,stress,baseline,Car,NaiveTitForTatNegotiator,negmas.sao.NaiveTitForTatNegotiator,behavioral,first,2,0.85045,0.48566529047784424,1.3361152904778444
v3,stress,baseline,Car,NaiveTitForTatNegotiator,negmas.sao.NaiveTitForTatNegotiator,behavioral,second,2,0.8149000000000001,0.4919636673487162,1.3068636673487162
v3,stress,baseline,Car,SimpleTitForTatNegotiator,negmas.sao.SimpleTitForTatNegotiator,behavioral,first,2,0.9103000000000001,0.48566529047784424,1.3959652904778443
v3,stress,baseline,Car,SimpleTitForTatNegotiator,negmas.sao.SimpleTitForTatNegotiator,behavioral,second,2,0.7277,0.4919636673487162,1.2196636673487162
v3,stress,baseline,Car,FirstOfferOrientedTBNegotiator,negmas.sao.FirstOfferOrientedTBNegotiator,oriented,first,2,0.8519000000000001,1.0,1.8519
v3,stress,baseline,Car,FirstOfferOrientedTBNegotiator,negmas.sao.FirstOfferOrientedTBNegotiator,oriented,second,2,0.8616000000000001,1.0,1.8616000000000001
v3,stress,baseline,Car,LastOfferOrientedTBNegotiator,negmas.sao.LastOfferOrientedTBNegotiator,oriented,first,2,0.80805,1.0,1.8080500000000002
v3,stress,baseline,Car,LastOfferOrientedTBNegotiator,negmas.sao.LastOfferOrientedTBNegotiator,oriented,second,2,0.8418000000000001,1.0,1.8418
v3,stress,baseline,Grocery,BoulwareTBNegotiator,negmas.sao.BoulwareTBNegotiator,time-based,first,2,0.588888888888889,1.0,1.588888888888889
v3,stress,baseline,Grocery,BoulwareTBNegotiator,negmas.sao.BoulwareTBNegotiator,time-based,second,2,0.7500000000000001,1.0,1.75
v3,stress,baseline,Grocery,ConcederTBNegotiator,negmas.sao.ConcederTBNegotiator,time-based,first,2,0.5750000000000001,0.5,1.0750000000000002
v3,stress,baseline,Grocery,ConcederTBNegotiator,negmas.sao.ConcederTBNegotiator,time-based,second,2,0.638888888888889,1.0,1.6388888888888888
v3,stress,baseline,Grocery,LinearTBNegotiator,negmas.sao.LinearTBNegotiator,time-based,first,2,0.588888888888889,1.0,1.588888888888889
v3,stress,baseline,Grocery,LinearTBNegotiator,negmas.sao.LinearTBNegotiator,time-based,second,2,0.7500000000000001,1.0,1.75
v3,stress,baseline,Grocery,ToughNegotiator,negmas.sao.ToughNegotiator,time-based,first,2,0.38888888888888895,1.0,1.3888888888888888
v3,stress,baseline,Grocery,ToughNegotiator,negmas.sao.ToughNegotiator,time-based,second,2,0.47222222222222227,1.0,1.4722222222222223
v3,stress,baseline,Grocery,TimeBasedNegotiator,negmas.sao.TimeBasedNegotiator,time-based,first,2,0.588888888888889,1.0,1.588888888888889
v3,stress,baseline,Grocery,TimeBasedNegotiator,negmas.sao.TimeBasedNegotiator,time-based,second,2,0.7500000000000001,1.0,1.75
v3,stress,baseline,Grocery,AspirationNegotiator,negmas.sao.AspirationNegotiator,time-based,first,2,0.7055555555555557,1.0,1.7055555555555557
v3,stress,baseline,Grocery,AspirationNegotiator,negmas.sao.AspirationNegotiator,time-based,second,2,0.7500000000000001,1.0,1.75
v3,stress,baseline,Grocery,HybridNegotiator,negmas.sao.HybridNegotiator,hybrid,first,2,0.5611111111111111,1.0,1.5611111111111113
v3,stress,baseline,Grocery,HybridNegotiator,negmas.sao.HybridNegotiator,hybrid,second,2,0.6666666666666667,1.0,1.6666666666666665
v3,stress,baseline,Grocery,RandomNegotiator,negmas.sao.RandomNegotiator,baseline,first,2,0.55,0.5,1.05
v3,stress,baseline,Grocery,RandomNegotiator,negmas.sao.RandomNegotiator,baseline,second,2,0.30833333333333335,1.0,1.3083333333333333
v3,stress,baseline,Grocery,NaiveTitForTatNegotiator,negmas.sao.NaiveTitForTatNegotiator,behavioral,first,2,0.4861111111111112,0.6310334495845635,1.1171445606956747
v3,stress,baseline,Grocery,NaiveTitForTatNegotiator,negmas.sao.NaiveTitForTatNegotiator,behavioral,second,2,0.5666666666666667,0.6408820408007176,1.2075487074673843
v3,stress,baseline,Grocery,SimpleTitForTatNegotiator,negmas.sao.SimpleTitForTatNegotiator,behavioral,first,2,0.7333333333333334,0.6211868109132328,1.3545201442465662
v3,stress,baseline,Grocery,SimpleTitForTatNegotiator,negmas.sao.SimpleTitForTatNegotiator,behavioral,second,2,0.5555555555555556,0.6282871571777359,1.1838427127332913
v3,stress,baseline,Grocery,FirstOfferOrientedTBNegotiator,negmas.sao.FirstOfferOrientedTBNegotiator,oriented,first,2,0.588888888888889,1.0,1.588888888888889
v3,stress,baseline,Grocery,FirstOfferOrientedTBNegotiator,negmas.sao.FirstOfferOrientedTBNegotiator,oriented,second,2,0.7500000000000001,1.0,1.75
v3,stress,baseline,Grocery,LastOfferOrientedTBNegotiator,negmas.sao.LastOfferOrientedTBNegotiator,oriented,first,2,0.588888888888889,1.0,1.588888888888889
v3,stress,baseline,Grocery,LastOfferOrientedTBNegotiator,negmas.sao.LastOfferOrientedTBNegotiator,oriented,second,2,0.7500000000000001,1.0,1.75
v3,stress,baseline,ISBTAcquisition,BoulwareTBNegotiator,negmas.sao.BoulwareTBNegotiator,time-based,first,2,0.7679738562091503,1.0,1.7679738562091503
v3,stress,baseline,ISBTAcquisition,BoulwareTBNegotiator,negmas.sao.BoulwareTBNegotiator,time-based,second,2,0.5121951219512194,1.0,1.5121951219512195
v3,stress,baseline,ISBTAcquisition,ConcederTBNegotiator,negmas.sao.ConcederTBNegotiator,time-based,first,2,0.5228758169934641,1.0,1.522875816993464
v3,stress,baseline,ISBTAcquisition,ConcederTBNegotiator,negmas.sao.ConcederTBNegotiator,time-based,second,2,0.8048780487804877,1.0,1.8048780487804876
v3,stress,baseline,ISBTAcquisition,LinearTBNegotiator,negmas.sao.LinearTBNegotiator,time-based,first,2,0.5196078431372549,1.0,1.5196078431372548
v3,stress,baseline,ISBTAcquisition,LinearTBNegotiator,negmas.sao.LinearTBNegotiator,time-based,second,2,0.5121951219512194,1.0,1.5121951219512195
v3,stress,baseline,ISBTAcquisition,ToughNegotiator,negmas.sao.ToughNegotiator,time-based,first,2,0.33986928104575165,1.0,1.3398692810457518
v3,stress,baseline,ISBTAcquisition,ToughNegotiator,negmas.sao.ToughNegotiator,time-based,second,2,0.5121951219512194,1.0,1.5121951219512195
v3,stress,baseline,ISBTAcquisition,TimeBasedNegotiator,negmas.sao.TimeBasedNegotiator,time-based,first,2,0.7254901960784313,1.0,1.7254901960784315
v3,stress,baseline,ISBTAcquisition,TimeBasedNegotiator,negmas.sao.TimeBasedNegotiator,time-based,second,2,0.5121951219512194,1.0,1.5121951219512195
v3,stress,baseline,ISBTAcquisition,AspirationNegotiator,negmas.sao.AspirationNegotiator,time-based,first,2,0.7026143790849673,1.0,1.7026143790849673
v3,stress,baseline,ISBTAcquisition,AspirationNegotiator,negmas.sao.AspirationNegotiator,time-based,second,2,0.5121951219512194,1.0,1.5121951219512195
v3,stress,baseline,ISBTAcquisition,HybridNegotiator,negmas.sao.HybridNegotiator,hybrid,first,2,0.611111111111111,1.0,1.6111111111111112
v3,stress,baseline,ISBTAcquisition,HybridNegotiator,negmas.sao.HybridNegotiator,hybrid,second,2,0.5121951219512194,1.0,1.5121951219512195
v3,stress,baseline,ISBTAcquisition,RandomNegotiator,negmas.sao.RandomNegotiator,baseline,first,2,0.5359477124183007,1.0,1.5359477124183007
v3,stress,baseline,ISBTAcquisition,RandomNegotiator,negmas.sao.RandomNegotiator,baseline,second,2,0.5670731707317072,1.0,1.5670731707317072
v3,stress,baseline,ISBTAcquisition,NaiveTitForTatNegotiator,negmas.sao.NaiveTitForTatNegotiator,behavioral,first,2,0.4934640522875817,0.5905415387141647,1.0840055910017465
v3,stress,baseline,ISBTAcquisition,NaiveTitForTatNegotiator,negmas.sao.NaiveTitForTatNegotiator,behavioral,second,2,0.5121951219512194,0.5964173630080392,1.1086124849592585
v3,stress,baseline,ISBTAcquisition,SimpleTitForTatNegotiator,negmas.sao.SimpleTitForTatNegotiator,behavioral,first,2,0.5882352941176471,0.5938814787086453,1.1821167728262925
v3,stress,baseline,ISBTAcquisition,SimpleTitForTatNegotiator,negmas.sao.SimpleTitForTatNegotiator,behavioral,second,2,0.5121951219512194,0.5964173630080392,1.1086124849592585
v3,stress,baseline,ISBTAcquisition,FirstOfferOrientedTBNegotiator,negmas.sao.FirstOfferOrientedTBNegotiator,oriented,first,2,0.6568627450980393,1.0,1.656862745098039
v3,stress,baseline,ISBTAcquisition,FirstOfferOrientedTBNegotiator,negmas.sao.FirstOfferOrientedTBNegotiator,oriented,second,2,0.5121951219512194,1.0,1.5121951219512195
v3,stress,baseline,ISBTAcquisition,LastOfferOrientedTBNegotiator,negmas.sao.LastOfferOrientedTBNegotiator,oriented,first,2,0.6241830065359477,1.0,1.6241830065359477
v3,stress,baseline,ISBTAcquisition,LastOfferOrientedTBNegotiator,negmas.sao.LastOfferOrientedTBNegotiator,oriented,second,2,0.5121951219512194,1.0,1.5121951219512195
v3,stress,baseline,Laptop,BoulwareTBNegotiator,negmas.sao.BoulwareTBNegotiator,time-based,first,2,0.5775524426410947,0.5,1.0775524426410947
v3,stress,baseline,Laptop,BoulwareTBNegotiator,negmas.sao.BoulwareTBNegotiator,time-based,second,2,0.5136317604069089,1.0,1.513631760406909
v3,stress,baseline,Laptop,ConcederTBNegotiator,negmas.sao.ConcederTBNegotiator,time-based,first,2,0.6808563443161951,1.0,1.680856344316195
v3,stress,baseline,Laptop,ConcederTBNegotiator,negmas.sao.ConcederTBNegotiator,time-based,second,2,0.6787618253129548,1.0,1.6787618253129548
v3,stress,baseline,Laptop,LinearTBNegotiator,negmas.sao.LinearTBNegotiator,time-based,first,2,0.5775524426410947,1.0,1.5775524426410947
v3,stress,baseline,Laptop,LinearTBNegotiator,negmas.sao.LinearTBNegotiator,time-based,second,2,0.5136317604069089,1.0,1.513631760406909
v3,stress,baseline,Laptop,ToughNegotiator,negmas.sao.ToughNegotiator,time-based,first,2,0.5775524426410947,1.0,1.5775524426410947
v3,stress,baseline,Laptop,ToughNegotiator,negmas.sao.ToughNegotiator,time-based,second,2,0.5136317604069089,1.0,1.513631760406909
v3,stress,baseline,Laptop,TimeBasedNegotiator,negmas.sao.TimeBasedNegotiator,time-based,first,2,0.5775524426410947,1.0,1.5775524426410947
v3,stress,baseline,Laptop,TimeBasedNegotiator,negmas.sao.TimeBasedNegotiator,time-based,second,2,0.5136317604069089,1.0,1.513631760406909
v3,stress,baseline,Laptop,AspirationNegotiator,negmas.sao.AspirationNegotiator,time-based,first,2,0.5775524426410947,1.0,1.5775524426410947
v3,stress,baseline,Laptop,AspirationNegotiator,negmas.sao.AspirationNegotiator,time-based,second,2,0.5136317604069089,1.0,1.513631760406909
v3,stress,baseline,Laptop,HybridNegotiator,negmas.sao.HybridNegotiator,hybrid,first,2,0.5775524426410947,0.0,0.5775524426410947
v3,stress,baseline,Laptop,HybridNegotiator,negmas.sao.HybridNegotiator,hybrid,second,2,0.6403169963549771,1.0,1.640316996354977
v3,stress,baseline,Laptop,RandomNegotiator,negmas.sao.RandomNegotiator,baseline,first,2,0.7497311172661669,1.0,1.7497311172661667
v3,stress,baseline,Laptop,RandomNegotiator,negmas.sao.RandomNegotiator,baseline,second,2,0.7982820741079721,1.0,1.7982820741079721
v3,stress,baseline,Laptop,NaiveTitForTatNegotiator,negmas.sao.NaiveTitForTatNegotiator,behavioral,first,2,0.5775524426410947,0.3422179205081517,0.9197703631492464
v3,stress,baseline,Laptop,NaiveTitForTatNegotiator,negmas.sao.NaiveTitForTatNegotiator,behavioral,second,2,0.5715901030875117,0.6932670477187611,1.264857150806273
v3,stress,baseline,Laptop,SimpleTitForTatNegotiator,negmas.sao.SimpleTitForTatNegotiator,behavioral,first,2,0.5775524426410947,0.6844358410163034,1.2619882836573981
v3,stress,baseline,Laptop,SimpleTitForTatNegotiator,negmas.sao.SimpleTitForTatNegotiator,behavioral,second,2,0.8450562871935448,0.6916123350732224,1.5366686222667671
v3,stress,baseline,Laptop,FirstOfferOrientedTBNegotiator,negmas.sao.FirstOfferOrientedTBNegotiator,oriented,first,2,0.5775524426410947,1.0,1.5775524426410947
v3,stress,baseline,Laptop,FirstOfferOrientedTBNegotiator,negmas.sao.FirstOfferOrientedTBNegotiator,oriented,second,2,0.5136317604069089,1.0,1.513631760406909
v3,stress,baseline,Laptop,LastOfferOrientedTBNegotiator,negmas.sao.LastOfferOrientedTBNegotiator,oriented,first,2,0.5775524426410947,1.0,1.5775524426410947
v3,stress,baseline,Laptop,LastOfferOrientedTBNegotiator,negmas.sao.LastOfferOrientedTBNegotiator,oriented,second,2,0.5911036168101367,1.0,1.5911036168101367
v3,stress,baseline,NiceOrDie,BoulwareTBNegotiator,negmas.sao.BoulwareTBNegotiator,time-based,first,2,0.1654761904761905,1.0,1.1654761904761906
v3,stress,baseline,NiceOrDie,BoulwareTBNegotiator,negmas.sao.BoulwareTBNegotiator,time-based,second,2,0.1654761904761905,1.0,1.1654761904761906
v3,stress,baseline,NiceOrDie,ConcederTBNegotiator,negmas.sao.ConcederTBNegotiator,time-based,first,2,0.1654761904761905,1.0,1.1654761904761906
v3,stress,baseline,NiceOrDie,ConcederTBNegotiator,negmas.sao.ConcederTBNegotiator,time-based,second,2,0.1654761904761905,1.0,1.1654761904761906
v3,stress,baseline,NiceOrDie,LinearTBNegotiator,negmas.sao.LinearTBNegotiator,time-based,first,2,0.1654761904761905,1.0,1.1654761904761906
v3,stress,baseline,NiceOrDie,LinearTBNegotiator,negmas.sao.LinearTBNegotiator,time-based,second,2,0.1654761904761905,1.0,1.1654761904761906
v3,stress,baseline,NiceOrDie,ToughNegotiator,negmas.sao.ToughNegotiator,time-based,first,2,0.0,1.0,1.0
v3,stress,baseline,NiceOrDie,ToughNegotiator,negmas.sao.ToughNegotiator,time-based,second,2,0.0,1.0,1.0
v3,stress,baseline,NiceOrDie,TimeBasedNegotiator,negmas.sao.TimeBasedNegotiator,time-based,first,2,0.1654761904761905,1.0,1.1654761904761906
v3,stress,baseline,NiceOrDie,TimeBasedNegotiator,negmas.sao.TimeBasedNegotiator,time-based,second,2,0.1654761904761905,1.0,1.1654761904761906
v3,stress,baseline,NiceOrDie,AspirationNegotiator,negmas.sao.AspirationNegotiator,time-based,first,2,0.1654761904761905,1.0,1.1654761904761906
v3,stress,baseline,NiceOrDie,AspirationNegotiator,negmas.sao.AspirationNegotiator,time-based,second,2,0.1654761904761905,1.0,1.1654761904761906
v3,stress,baseline,NiceOrDie,HybridNegotiator,negmas.sao.HybridNegotiator,hybrid,first,2,0.0,1.0,1.0
v3,stress,baseline,NiceOrDie,HybridNegotiator,negmas.sao.HybridNegotiator,hybrid,second,2,0.0,1.0,1.0
v3,stress,baseline,NiceOrDie,RandomNegotiator,negmas.sao.RandomNegotiator,baseline,first,2,0.08273809523809525,0.5,0.5827380952380953
v3,stress,baseline,NiceOrDie,RandomNegotiator,negmas.sao.RandomNegotiator,baseline,second,2,1.0,1.0,2.0
v3,stress,baseline,NiceOrDie,NaiveTitForTatNegotiator,negmas.sao.NaiveTitForTatNegotiator,behavioral,first,2,0.1654761904761905,0.4759591794226542,0.6414353698988446
v3,stress,baseline,NiceOrDie,NaiveTitForTatNegotiator,negmas.sao.NaiveTitForTatNegotiator,behavioral,second,2,0.1654761904761905,0.4759591794226542,0.6414353698988446
v3,stress,baseline,NiceOrDie,SimpleTitForTatNegotiator,negmas.sao.SimpleTitForTatNegotiator,behavioral,first,2,0.1654761904761905,0.4759591794226542,0.6414353698988446
v3,stress,baseline,NiceOrDie,SimpleTitForTatNegotiator,negmas.sao.SimpleTitForTatNegotiator,behavioral,second,2,0.1654761904761905,0.4759591794226542,0.6414353698988446
v3,stress,baseline,NiceOrDie,FirstOfferOrientedTBNegotiator,negmas.sao.FirstOfferOrientedTBNegotiator,oriented,first,2,0.1654761904761905,1.0,1.1654761904761906
v3,stress,baseline,NiceOrDie,FirstOfferOrientedTBNegotiator,negmas.sao.FirstOfferOrientedTBNegotiator,oriented,second,2,0.1654761904761905,1.0,1.1654761904761906
v3,stress,baseline,NiceOrDie,LastOfferOrientedTBNegotiator,negmas.sao.LastOfferOrientedTBNegotiator,oriented,first,2,0.1654761904761905,1.0,1.1654761904761906
v3,stress,baseline,NiceOrDie,LastOfferOrientedTBNegotiator,negmas.sao.LastOfferOrientedTBNegotiator,oriented,second,2,0.1654761904761905,1.0,1.1654761904761906
v2,stress,baseline,Amsterdam,BoulwareTBNegotiator,negmas.sao.BoulwareTBNegotiator,time-based,first,2,0.7100371747211895,1.0,1.7100371747211895
v2,stress,baseline,Amsterdam,BoulwareTBNegotiator,negmas.sao.BoulwareTBNegotiator,time-based,second,2,0.6763698630136986,1.0,1.6763698630136985
v2,stress,baseline,Amsterdam,ConcederTBNegotiator,negmas.sao.ConcederTBNegotiator,time-based,first,2,0.7546468401486989,1.0,1.7546468401486988
v2,stress,baseline,Amsterdam,ConcederTBNegotiator,negmas.sao.ConcederTBNegotiator,time-based,second,2,0.6267123287671232,1.0,1.6267123287671232
v2,stress,baseline,Amsterdam,LinearTBNegotiator,negmas.sao.LinearTBNegotiator,time-based,first,2,0.4851301115241635,1.0,1.4851301115241635
v2,stress,baseline,Amsterdam,LinearTBNegotiator,negmas.sao.LinearTBNegotiator,time-based,second,2,0.5462328767123287,1.0,1.5462328767123288
v2,stress,baseline,Amsterdam,ToughNegotiator,negmas.sao.ToughNegotiator,time-based,first,2,0.30855018587360594,1.0,1.308550185873606
v2,stress,baseline,Amsterdam,ToughNegotiator,negmas.sao.ToughNegotiator,time-based,second,2,0.47260273972602734,1.0,1.4726027397260273
v2,stress,baseline,Amsterdam,TimeBasedNegotiator,negmas.sao.TimeBasedNegotiator,time-based,first,2,0.7100371747211895,1.0,1.7100371747211895
v2,stress,baseline,Amsterdam,TimeBasedNegotiator,negmas.sao.TimeBasedNegotiator,time-based,second,2,0.6198630136986301,1.0,1.61986301369863
v2,stress,baseline,Amsterdam,AspirationNegotiator,negmas.sao.AspirationNegotiator,time-based,first,2,0.7100371747211895,1.0,1.7100371747211895
v2,stress,baseline,Amsterdam,AspirationNegotiator,negmas.sao.AspirationNegotiator,time-based,second,2,0.6198630136986301,1.0,1.61986301369863
v2,stress,baseline,Amsterdam,HybridNegotiator,negmas.sao.HybridNegotiator,hybrid,first,2,0.6691449814126393,1.0,1.6691449814126393
v2,stress,baseline,Amsterdam,HybridNegotiator,negmas.sao.HybridNegotiator,hybrid,second,2,0.5873287671232876,1.0,1.5873287671232876
v2,stress,baseline,Amsterdam,RandomNegotiator,negmas.sao.RandomNegotiator,baseline,first,2,0.6561338289962825,1.0,1.6561338289962824
v2,stress,baseline,Amsterdam,RandomNegotiator,negmas.sao.RandomNegotiator,baseline,second,2,0.33047945205479445,1.0,1.3304794520547945
v2,stress,baseline,Amsterdam,NaiveTitForTatNegotiator,negmas.sao.NaiveTitForTatNegotiator,behavioral,first,2,0.5483271375464684,0.5456166176401251,1.0939437551865936
v2,stress,baseline,Amsterdam,NaiveTitForTatNegotiator,negmas.sao.NaiveTitForTatNegotiator,behavioral,second,2,0.625,0.5636435197020927,1.1886435197020926
v2,stress,baseline,Amsterdam,SimpleTitForTatNegotiator,negmas.sao.SimpleTitForTatNegotiator,behavioral,first,2,0.4795539033457249,0.548451467372875,1.0280053707185999
v2,stress,baseline,Amsterdam,SimpleTitForTatNegotiator,negmas.sao.SimpleTitForTatNegotiator,behavioral,second,2,0.5136986301369864,0.5672577278659244,1.080956358002911
v2,stress,baseline,Amsterdam,FirstOfferOrientedTBNegotiator,negmas.sao.FirstOfferOrientedTBNegotiator,oriented,first,2,0.7100371747211895,1.0,1.7100371747211895
v2,stress,baseline,Amsterdam,FirstOfferOrientedTBNegotiator,negmas.sao.FirstOfferOrientedTBNegotiator,oriented,second,2,0.6198630136986301,1.0,1.61986301369863
v2,stress,baseline,Amsterdam,LastOfferOrientedTBNegotiator,negmas.sao.LastOfferOrientedTBNegotiator,oriented,first,2,0.7100371747211895,1.0,1.7100371747211895
v2,stress,baseline,Amsterdam,LastOfferOrientedTBNegotiator,negmas.sao.LastOfferOrientedTBNegotiator,oriented,second,2,0.6198630136986301,1.0,1.61986301369863
v2,stress,baseline,Camera,BoulwareTBNegotiator,negmas.sao.BoulwareTBNegotiator,time-based,first,2,0.5764181114290523,1.0,1.5764181114290523
v2,stress,baseline,Camera,BoulwareTBNegotiator,negmas.sao.BoulwareTBNegotiator,time-based,second,2,0.6044738815296177,1.0,1.6044738815296178
v2,stress,baseline,Camera,ConcederTBNegotiator,negmas.sao.ConcederTBNegotiator,time-based,first,2,0.8845312236997138,1.0,1.8845312236997138
v2,stress,baseline,Camera,ConcederTBNegotiator,negmas.sao.ConcederTBNegotiator,time-based,second,2,0.5,1.0,1.5
v2,stress,baseline,Camera,LinearTBNegotiator,negmas.sao.LinearTBNegotiator,time-based,first,2,0.6241373506143746,1.0,1.6241373506143746
v2,stress,baseline,Camera,LinearTBNegotiator,negmas.sao.LinearTBNegotiator,time-based,second,2,0.5988502874281431,1.0,1.5988502874281432
v2,stress,baseline,Camera,ToughNegotiator,negmas.sao.ToughNegotiator,time-based,first,2,0.26931493014644,1.0,1.26931493014644
v2,stress,baseline,Camera,ToughNegotiator,negmas.sao.ToughNegotiator,time-based,second,2,0.4558860284928768,1.0,1.4558860284928767
v2,stress,baseline,Camera,TimeBasedNegotiator,negmas.sao.TimeBasedNegotiator,time-based,first,2,0.5764181114290523,1.0,1.5764181114290523
v2,stress,baseline,Camera,TimeBasedNegotiator,negmas.sao.TimeBasedNegotiator,time-based,second,2,0.6174706323419146,1.0,1.6174706323419146
v2,stress,baseline,Camera,AspirationNegotiator,negmas.sao.AspirationNegotiator,time-based,first,2,0.6805251641137855,1.0,1.6805251641137855
v2,stress,baseline,Camera,AspirationNegotiator,negmas.sao.AspirationNegotiator,time-based,second,2,0.6247188202949263,1.0,1.6247188202949263
v2,stress,baseline,Camera,HybridNegotiator,negmas.sao.HybridNegotiator,hybrid,first,2,0.6766537619929305,1.0,1.6766537619929305
v2,stress,baseline,Camera,HybridNegotiator,negmas.sao.HybridNegotiator,hybrid,second,2,0.5841039740064985,1.0,1.5841039740064984
v2,stress,baseline,Camera,RandomNegotiator,negmas.sao.RandomNegotiator,baseline,first,2,0.5598384110419121,0.5,1.0598384110419121
v2,stress,baseline,Camera,RandomNegotiator,negmas.sao.RandomNegotiator,baseline,second,2,0.31517120719820046,1.0,1.3151712071982005
v2,stress,baseline,Camera,NaiveTitForTatNegotiator,negmas.sao.NaiveTitForTatNegotiator,behavioral,first,2,0.47702407002188174,0.6165939327654054,1.093618002787287
v2,stress,baseline,Camera,NaiveTitForTatNegotiator,negmas.sao.NaiveTitForTatNegotiator,behavioral,second,2,0.5321169707573108,0.6160453484407502,1.148162319198061
v2,stress,baseline,Camera,SimpleTitForTatNegotiator,negmas.sao.SimpleTitForTatNegotiator,behavioral,first,2,0.5928294899848511,0.6167010844029108,1.2095305743877618
v2,stress,baseline,Camera,SimpleTitForTatNegotiator,negmas.sao.SimpleTitForTatNegotiator,behavioral,second,2,0.7140714821294677,0.6120251280264474,1.326096610155915
v2,stress,baseline,Camera,FirstOfferOrientedTBNegotiator,negmas.sao.FirstOfferOrientedTBNegotiator,oriented,first,2,0.6204342703248611,1.0,1.620434270324861
v2,stress,baseline,Camera,FirstOfferOrientedTBNegotiator,negmas.sao.FirstOfferOrientedTBNegotiator,oriented,second,2,0.6320919770057487,1.0,1.6320919770057487
v2,stress,baseline,Camera,LastOfferOrientedTBNegotiator,negmas.sao.LastOfferOrientedTBNegotiator,oriented,first,2,0.6204342703248611,1.0,1.620434270324861
v2,stress,baseline,Camera,LastOfferOrientedTBNegotiator,negmas.sao.LastOfferOrientedTBNegotiator,oriented,second,2,0.6044738815296177,1.0,1.6044738815296178
v2,stress,baseline,Car,BoulwareTBNegotiator,negmas.sao.BoulwareTBNegotiator,time-based,first,2,0.8519000000000001,1.0,1.8519
v2,stress,baseline,Car,BoulwareTBNegotiator,negmas.sao.BoulwareTBNegotiator,time-based,second,2,0.8616000000000001,1.0,1.8616000000000001
v2,stress,baseline,Car,ConcederTBNegotiator,negmas.sao.ConcederTBNegotiator,time-based,first,2,0.698,0.0,0.698
v2,stress,baseline,Car,ConcederTBNegotiator,negmas.sao.ConcederTBNegotiator,time-based,second,2,0.9787999999999999,1.0,1.9788
v2,stress,baseline,Car,LinearTBNegotiator,negmas.sao.LinearTBNegotiator,time-based,first,2,0.6614000000000001,1.0,1.6614
v2,stress,baseline,Car,LinearTBNegotiator,negmas.sao.LinearTBNegotiator,time-based,second,2,0.8128000000000002,1.0,1.8128000000000002
v2,stress,baseline,Car,ToughNegotiator,negmas.sao.ToughNegotiator,time-based,first,2,0.0,1.0,1.0
v2,stress,baseline,Car,ToughNegotiator,negmas.sao.ToughNegotiator,time-based,second,2,0.0,1.0,1.0
v2,stress,baseline,Car,TimeBasedNegotiator,negmas.sao.TimeBasedNegotiator,time-based,first,2,0.68095,1.0,1.6809500000000002
v2,stress,baseline,Car,TimeBasedNegotiator,negmas.sao.TimeBasedNegotiator,time-based,second,2,0.7546000000000002,1.0,1.7546000000000002
v2,stress,baseline,Car,AspirationNegotiator,negmas.sao.AspirationNegotiator,time-based,first,2,0.8774,1.0,1.8774
v2,stress,baseline,Car,AspirationNegotiator,negmas.sao.AspirationNegotiator,time-based,second,2,0.7596,1.0,1.7596000000000003
v2,stress,baseline,Car,HybridNegotiator,negmas.sao.HybridNegotiator,hybrid,first,2,0.7064,1.0,1.7064
v2,stress,baseline,Car,HybridNegotiator,negmas.sao.HybridNegotiator,hybrid,second,2,0.6808000000000001,1.0,1.6808
v2,stress,baseline,Car,RandomNegotiator,negmas.sao.RandomNegotiator,baseline,first,2,0.7192500000000001,0.5,1.2192500000000002
v2,stress,baseline,Car,RandomNegotiator,negmas.sao.RandomNegotiator,baseline,second,2,0.8290000000000002,1.0,1.8290000000000002
v2,stress,baseline,Car,NaiveTitForTatNegotiator,negmas.sao.NaiveTitForTatNegotiator,behavioral,first,2,0.77905,0.48566529047784424,1.2647152904778443
v2,stress,baseline,Car,NaiveTitForTatNegotiator,negmas.sao.NaiveTitForTatNegotiator,behavioral,second,2,0.8432000000000001,0.4919636673487162,1.3351636673487162
v2,stress,baseline,Car,SimpleTitForTatNegotiator,negmas.sao.SimpleTitForTatNegotiator,behavioral,first,2,0.6956,0.48566529047784424,1.1812652904778442
v2,stress,baseline,Car,SimpleTitForTatNegotiator,negmas.sao.SimpleTitForTatNegotiator,behavioral,second,2,0.7473000000000001,0.4919636673487162,1.2392636673487163
v2,stress,baseline,Car,FirstOfferOrientedTBNegotiator,negmas.sao.FirstOfferOrientedTBNegotiator,oriented,first,2,0.8519000000000001,1.0,1.8519
v2,stress,baseline,Car,FirstOfferOrientedTBNegotiator,negmas.sao.FirstOfferOrientedTBNegotiator,oriented,second,2,0.8616000000000001,1.0,1.8616000000000001
v2,stress,baseline,Car,LastOfferOrientedTBNegotiator,negmas.sao.LastOfferOrientedTBNegotiator,oriented,first,2,0.8519000000000001,1.0,1.8519
v2,stress,baseline,Car,LastOfferOrientedTBNegotiator,negmas.sao.LastOfferOrientedTBNegotiator,oriented,second,2,0.7518000000000001,1.0,1.7518000000000002
v2,stress,baseline,Grocery,BoulwareTBNegotiator,negmas.sao.BoulwareTBNegotiator,time-based,first,2,0.588888888888889,1.0,1.588888888888889
v2,stress,baseline,Grocery,BoulwareTBNegotiator,negmas.sao.BoulwareTBNegotiator,time-based,second,2,0.7500000000000001,1.0,1.75
v2,stress,baseline,Grocery,ConcederTBNegotiator,negmas.sao.ConcederTBNegotiator,time-based,first,2,0.5444444444444445,0.5,1.0444444444444445
v2,stress,baseline,Grocery,ConcederTBNegotiator,negmas.sao.ConcederTBNegotiator,time-based,second,2,0.638888888888889,1.0,1.6388888888888888
v2,stress,baseline,Grocery,LinearTBNegotiator,negmas.sao.LinearTBNegotiator,time-based,first,2,0.588888888888889,1.0,1.588888888888889
v2,stress,baseline,Grocery,LinearTBNegotiator,negmas.sao.LinearTBNegotiator,time-based,second,2,0.7500000000000001,1.0,1.75
v2,stress,baseline,Grocery,ToughNegotiator,negmas.sao.ToughNegotiator,time-based,first,2,0.38888888888888895,1.0,1.3888888888888888
v2,stress,baseline,Grocery,ToughNegotiator,negmas.sao.ToughNegotiator,time-based,second,2,0.47222222222222227,1.0,1.4722222222222223
v2,stress,baseline,Grocery,TimeBasedNegotiator,negmas.sao.TimeBasedNegotiator,time-based,first,2,0.7055555555555557,1.0,1.7055555555555557
v2,stress,baseline,Grocery,TimeBasedNegotiator,negmas.sao.TimeBasedNegotiator,time-based,second,2,0.7500000000000001,1.0,1.75
v2,stress,baseline,Grocery,AspirationNegotiator,negmas.sao.AspirationNegotiator,time-based,first,2,0.588888888888889,1.0,1.588888888888889
v2,stress,baseline,Grocery,AspirationNegotiator,negmas.sao.AspirationNegotiator,time-based,second,2,0.7500000000000001,1.0,1.75
v2,stress,baseline,Grocery,HybridNegotiator,negmas.sao.HybridNegotiator,hybrid,first,2,0.5666666666666668,1.0,1.5666666666666669
v2,stress,baseline,Grocery,HybridNegotiator,negmas.sao.HybridNegotiator,hybrid,second,2,0.7027777777777778,1.0,1.702777777777778
v2,stress,baseline,Grocery,RandomNegotiator,negmas.sao.RandomNegotiator,baseline,first,2,0.33611111111111114,1.0,1.3361111111111112
v2,stress,baseline,Grocery,RandomNegotiator,negmas.sao.RandomNegotiator,baseline,second,2,0.2416666666666667,1.0,1.2416666666666667
v2,stress,baseline,Grocery,NaiveTitForTatNegotiator,negmas.sao.NaiveTitForTatNegotiator,behavioral,first,2,0.538888888888889,0.628937864574158,1.1678267534630469
v2,stress,baseline,Grocery,NaiveTitForTatNegotiator,negmas.sao.NaiveTitForTatNegotiator,behavioral,second,2,0.6138888888888889,0.6448071119585956,1.2586960008474846
v2,stress,baseline,Grocery,SimpleTitForTatNegotiator,negmas.sao.SimpleTitForTatNegotiator,behavioral,first,2,0.48333333333333345,0.6310334495845635,1.114366782917897
v2,stress,baseline,Grocery,SimpleTitForTatNegotiator,negmas.sao.SimpleTitForTatNegotiator,behavioral,second,2,0.5777777777777778,0.6365919631896435,1.2143697409674212
v2,stress,baseline,Grocery,FirstOfferOrientedTBNegotiator,negmas.sao.FirstOfferOrientedTBNegotiator,oriented,first,2,0.6472222222222224,1.0,1.6472222222222224
v2,stress,baseline,Grocery,FirstOfferOrientedTBNegotiator,negmas.sao.FirstOfferOrientedTBNegotiator,oriented,second,2,0.7500000000000001,1.0,1.75
v2,stress,baseline,Grocery,LastOfferOrientedTBNegotiator,negmas.sao.LastOfferOrientedTBNegotiator,oriented,first,2,0.6472222222222224,1.0,1.6472222222222224
v2,stress,baseline,Grocery,LastOfferOrientedTBNegotiator,negmas.sao.LastOfferOrientedTBNegotiator,oriented,second,2,0.7500000000000001,1.0,1.75
v2,stress,baseline,ISBTAcquisition,BoulwareTBNegotiator,negmas.sao.BoulwareTBNegotiator,time-based,first,2,0.761437908496732,1.0,1.761437908496732
v2,stress,baseline,ISBTAcquisition,BoulwareTBNegotiator,negmas.sao.BoulwareTBNegotiator,time-based,second,2,0.5121951219512194,1.0,1.5121951219512195
v2,stress,baseline,ISBTAcquisition,ConcederTBNegotiator,negmas.sao.ConcederTBNegotiator,time-based,first,2,0.5130718954248366,0.5,1.0130718954248366
v2,stress,baseline,ISBTAcquisition,ConcederTBNegotiator,negmas.sao.ConcederTBNegotiator,time-based,second,2,0.6585365853658536,1.0,1.6585365853658536
v2,stress,baseline,ISBTAcquisition,LinearTBNegotiator,negmas.sao.LinearTBNegotiator,time-based,first,2,0.5359477124183007,1.0,1.5359477124183007
v2,stress,baseline,ISBTAcquisition,LinearTBNegotiator,negmas.sao.LinearTBNegotiator,time-based,second,2,0.5121951219512194,1.0,1.5121951219512195
v2,stress,baseline,ISBTAcquisition,ToughNegotiator,negmas.sao.ToughNegotiator,time-based,first,2,0.33986928104575165,1.0,1.3398692810457518
v2,stress,baseline,ISBTAcquisition,ToughNegotiator,negmas.sao.ToughNegotiator,time-based,second,2,0.5121951219512194,1.0,1.5121951219512195
v2,stress,baseline,ISBTAcquisition,TimeBasedNegotiator,negmas.sao.TimeBasedNegotiator,time-based,first,2,0.784313725490196,1.0,1.784313725490196
v2,stress,baseline,ISBTAcquisition,TimeBasedNegotiator,negmas.sao.TimeBasedNegotiator,time-based,second,2,0.5121951219512194,1.0,1.5121951219512195
v2,stress,baseline,ISBTAcquisition,AspirationNegotiator,negmas.sao.AspirationNegotiator,time-based,first,2,0.7581699346405228,1.0,1.7581699346405228
v2,stress,baseline,ISBTAcquisition,AspirationNegotiator,negmas.sao.AspirationNegotiator,time-based,second,2,0.5121951219512194,1.0,1.5121951219512195
v2,stress,baseline,ISBTAcquisition,HybridNegotiator,negmas.sao.HybridNegotiator,hybrid,first,2,0.6013071895424836,1.0,1.6013071895424837
v2,stress,baseline,ISBTAcquisition,HybridNegotiator,negmas.sao.HybridNegotiator,hybrid,second,2,0.5121951219512194,1.0,1.5121951219512195
v2,stress,baseline,ISBTAcquisition,RandomNegotiator,negmas.sao.RandomNegotiator,baseline,first,2,0.6013071895424837,0.5,1.1013071895424837
v2,stress,baseline,ISBTAcquisition,RandomNegotiator,negmas.sao.RandomNegotiator,baseline,second,2,0.5853658536585364,1.0,1.5853658536585367
v2,stress,baseline,ISBTAcquisition,NaiveTitForTatNegotiator,negmas.sao.NaiveTitForTatNegotiator,behavioral,first,2,0.4836601307189543,0.5905415387141647,1.0742016694331191
v2,stress,baseline,ISBTAcquisition,NaiveTitForTatNegotiator,negmas.sao.NaiveTitForTatNegotiator,behavioral,second,2,0.5121951219512194,0.5964173630080392,1.1086124849592585
v2,stress,baseline,ISBTAcquisition,SimpleTitForTatNegotiator,negmas.sao.SimpleTitForTatNegotiator,behavioral,first,2,0.5882352941176471,0.591839874285816,1.1800751684034632
v2,stress,baseline,ISBTAcquisition,SimpleTitForTatNegotiator,negmas.sao.SimpleTitForTatNegotiator,behavioral,second,2,0.5121951219512194,0.5964173630080392,1.1086124849592585
v2,stress,baseline,ISBTAcquisition,FirstOfferOrientedTBNegotiator,negmas.sao.FirstOfferOrientedTBNegotiator,oriented,first,2,0.7124183006535947,1.0,1.712418300653595
v2,stress,baseline,ISBTAcquisition,FirstOfferOrientedTBNegotiator,negmas.sao.FirstOfferOrientedTBNegotiator,oriented,second,2,0.5121951219512194,1.0,1.5121951219512195
v2,stress,baseline,ISBTAcquisition,LastOfferOrientedTBNegotiator,negmas.sao.LastOfferOrientedTBNegotiator,oriented,first,2,0.7124183006535947,1.0,1.712418300653595
v2,stress,baseline,ISBTAcquisition,LastOfferOrientedTBNegotiator,negmas.sao.LastOfferOrientedTBNegotiator,oriented,second,2,0.5121951219512194,1.0,1.5121951219512195
v2,stress,baseline,Laptop,BoulwareTBNegotiator,negmas.sao.BoulwareTBNegotiator,time-based,first,2,0.5775524426410947,1.0,1.5775524426410947
v2,stress,baseline,Laptop,BoulwareTBNegotiator,negmas.sao.BoulwareTBNegotiator,time-based,second,2,0.5136317604069089,1.0,1.513631760406909
v2,stress,baseline,Laptop,ConcederTBNegotiator,negmas.sao.ConcederTBNegotiator,time-based,first,2,0.6808563443161951,1.0,1.680856344316195
v2,stress,baseline,Laptop,ConcederTBNegotiator,negmas.sao.ConcederTBNegotiator,time-based,second,2,0.78651574602567,1.0,1.78651574602567
v2,stress,baseline,Laptop,LinearTBNegotiator,negmas.sao.LinearTBNegotiator,time-based,first,2,0.5775524426410947,1.0,1.5775524426410947
v2,stress,baseline,Laptop,LinearTBNegotiator,negmas.sao.LinearTBNegotiator,time-based,second,2,0.5136317604069089,1.0,1.513631760406909
v2,stress,baseline,Laptop,ToughNegotiator,negmas.sao.ToughNegotiator,time-based,first,2,0.5775524426410947,0.5,1.0775524426410947
v2,stress,baseline,Laptop,ToughNegotiator,negmas.sao.ToughNegotiator,time-based,second,2,0.5136317604069089,1.0,1.513631760406909
v2,stress,baseline,Laptop,TimeBasedNegotiator,negmas.sao.TimeBasedNegotiator,time-based,first,2,0.5775524426410947,1.0,1.5775524426410947
v2,stress,baseline,Laptop,TimeBasedNegotiator,negmas.sao.TimeBasedNegotiator,time-based,second,2,0.5136317604069089,1.0,1.513631760406909
v2,stress,baseline,Laptop,AspirationNegotiator,negmas.sao.AspirationNegotiator,time-based,first,2,0.5775524426410947,1.0,1.5775524426410947
v2,stress,baseline,Laptop,AspirationNegotiator,negmas.sao.AspirationNegotiator,time-based,second,2,0.5136317604069089,1.0,1.513631760406909
v2,stress,baseline,Laptop,HybridNegotiator,negmas.sao.HybridNegotiator,hybrid,first,2,0.5775524426410947,1.0,1.5775524426410947
v2,stress,baseline,Laptop,HybridNegotiator,negmas.sao.HybridNegotiator,hybrid,second,2,0.7568158802034546,1.0,1.7568158802034546
v2,stress,baseline,Laptop,RandomNegotiator,negmas.sao.RandomNegotiator,baseline,first,2,0.6808563443161951,0.5,1.180856344316195
v2,stress,baseline,Laptop,RandomNegotiator,negmas.sao.RandomNegotiator,baseline,second,2,0.0,1.0,1.0
v2,stress,baseline,Laptop,NaiveTitForTatNegotiator,negmas.sao.NaiveTitForTatNegotiator,behavioral,first,2,0.5775524426410947,0.6864361178970932,1.263988560538188
v2,stress,baseline,Laptop,NaiveTitForTatNegotiator,negmas.sao.NaiveTitForTatNegotiator,behavioral,second,2,0.5520765893648868,0.6892307032327446,1.2413072925976314
v2,stress,baseline,Laptop,SimpleTitForTatNegotiator,negmas.sao.SimpleTitForTatNegotiator,behavioral,first,2,0.5838558660326796,0.6884363947778832,1.2722922608105627
v2,stress,baseline,Laptop,SimpleTitForTatNegotiator,negmas.sao.SimpleTitForTatNegotiator,behavioral,second,2,0.5136317604069089,0.6932670477187611,1.2068988081256702
v2,stress,baseline,Laptop,FirstOfferOrientedTBNegotiator,negmas.sao.FirstOfferOrientedTBNegotiator,oriented,first,2,0.5775524426410947,0.5,1.0775524426410947
v2,stress,baseline,Laptop,FirstOfferOrientedTBNegotiator,negmas.sao.FirstOfferOrientedTBNegotiator,oriented,second,2,0.5136317604069089,1.0,1.513631760406909
v2,stress,baseline,Laptop,LastOfferOrientedTBNegotiator,negmas.sao.LastOfferOrientedTBNegotiator,oriented,first,2,0.5775524426410947,0.5,1.0775524426410947
v2,stress,baseline,Laptop,LastOfferOrientedTBNegotiator,negmas.sao.LastOfferOrientedTBNegotiator,oriented,second,2,0.5136317604069089,1.0,1.513631760406909
v2,stress,baseline,NiceOrDie,BoulwareTBNegotiator,negmas.sao.BoulwareTBNegotiator,time-based,first,2,0.1654761904761905,1.0,1.1654761904761906
v2,stress,baseline,NiceOrDie,BoulwareTBNegotiator,negmas.sao.BoulwareTBNegotiator,time-based,second,2,0.1654761904761905,1.0,1.1654761904761906
v2,stress,baseline,NiceOrDie,ConcederTBNegotiator,negmas.sao.ConcederTBNegotiator,time-based,first,2,0.1654761904761905,1.0,1.1654761904761906
v2,stress,baseline,NiceOrDie,ConcederTBNegotiator,negmas.sao.ConcederTBNegotiator,time-based,second,2,0.1654761904761905,1.0,1.1654761904761906
v2,stress,baseline,NiceOrDie,LinearTBNegotiator,negmas.sao.LinearTBNegotiator,time-based,first,2,0.1654761904761905,1.0,1.1654761904761906
v2,stress,baseline,NiceOrDie,LinearTBNegotiator,negmas.sao.LinearTBNegotiator,time-based,second,2,0.1654761904761905,1.0,1.1654761904761906
v2,stress,baseline,NiceOrDie,ToughNegotiator,negmas.sao.ToughNegotiator,time-based,first,2,0.0,1.0,1.0
v2,stress,baseline,NiceOrDie,ToughNegotiator,negmas.sao.ToughNegotiator,time-based,second,2,0.0,1.0,1.0
v2,stress,baseline,NiceOrDie,TimeBasedNegotiator,negmas.sao.TimeBasedNegotiator,time-based,first,2,0.1654761904761905,1.0,1.1654761904761906
v2,stress,baseline,NiceOrDie,TimeBasedNegotiator,negmas.sao.TimeBasedNegotiator,time-based,second,2,0.1654761904761905,1.0,1.1654761904761906
v2,stress,baseline,NiceOrDie,AspirationNegotiator,negmas.sao.AspirationNegotiator,time-based,first,2,0.1654761904761905,1.0,1.1654761904761906
v2,stress,baseline,NiceOrDie,AspirationNegotiator,negmas.sao.AspirationNegotiator,time-based,second,2,0.1654761904761905,1.0,1.1654761904761906
v2,stress,baseline,NiceOrDie,HybridNegotiator,negmas.sao.HybridNegotiator,hybrid,first,2,0.0,1.0,1.0
v2,stress,baseline,NiceOrDie,HybridNegotiator,negmas.sao.HybridNegotiator,hybrid,second,2,0.0,1.0,1.0
v2,stress,baseline,NiceOrDie,RandomNegotiator,negmas.sao.RandomNegotiator,baseline,first,2,0.5827380952380953,1.0,1.5827380952380952
v2,stress,baseline,NiceOrDie,RandomNegotiator,negmas.sao.RandomNegotiator,baseline,second,2,0.5827380952380953,1.0,1.5827380952380952
v2,stress,baseline,NiceOrDie,NaiveTitForTatNegotiator,negmas.sao.NaiveTitForTatNegotiator,behavioral,first,2,0.1654761904761905,0.4759591794226542,0.6414353698988446
v2,stress,baseline,NiceOrDie,NaiveTitForTatNegotiator,negmas.sao.NaiveTitForTatNegotiator,behavioral,second,2,0.1654761904761905,0.4759591794226542,0.6414353698988446
v2,stress,baseline,NiceOrDie,SimpleTitForTatNegotiator,negmas.sao.SimpleTitForTatNegotiator,behavioral,first,2,0.1654761904761905,0.4759591794226542,0.6414353698988446
v2,stress,baseline,NiceOrDie,SimpleTitForTatNegotiator,negmas.sao.SimpleTitForTatNegotiator,behavioral,second,2,0.1654761904761905,0.4759591794226542,0.6414353698988446
v2,stress,baseline,NiceOrDie,FirstOfferOrientedTBNegotiator,negmas.sao.FirstOfferOrientedTBNegotiator,oriented,first,2,0.1654761904761905,1.0,1.1654761904761906
v2,stress,baseline,NiceOrDie,FirstOfferOrientedTBNegotiator,negmas.sao.FirstOfferOrientedTBNegotiator,oriented,second,2,0.1654761904761905,1.0,1.1654761904761906
v2,stress,baseline,NiceOrDie,LastOfferOrientedTBNegotiator,negmas.sao.LastOfferOrientedTBNegotiator,oriented,first,2,0.1654761904761905,1.0,1.1654761904761906
v2,stress,baseline,NiceOrDie,LastOfferOrientedTBNegotiator,negmas.sao.LastOfferOrientedTBNegotiator,oriented,second,2,0.1654761904761905,1.0,1.1654761904761906
