panel,agent,scenario,opponent,role,advantage,concealing,score
learners,v4.2,Amsterdam,BOANeg,first,0.7100371747211897,0.5559593877906004,1.2659965625117902
learners,v4.2,Amsterdam,BOANeg,second,0.6198630136986301,0.5733678419139082,1.1932308556125382
learners,v4.2,Amsterdam,MAPNeg,first,0.681536555142503,0.5657755229718391,1.247312078114342
learners,v4.2,Amsterdam,MAPNeg,second,0.6198630136986301,0.5854375900027606,1.2053006037013907
learners,v4.2,Amsterdam,MiCRONegotiator,first,0.6084262701363073,1.0,1.6084262701363075
learners,v4.2,Amsterdam,MiCRONegotiator,second,0.5605022831050227,1.0,1.5605022831050228
learners,v4.2,Camera,BOANeg,first,0.6204342703248611,0.537951941763104,1.158386212087965
learners,v4.2,Camera,BOANeg,second,0.6285095392818464,0.5581825733500245,1.1866921126318708
learners,v4.2,Camera,MAPNeg,first,0.6204342703248611,0.5407737339467514,1.1612080042716126
learners,v4.2,Camera,MAPNeg,second,0.6334249770890611,0.5474103694726881,1.1808353465617492
learners,v4.2,Camera,MiCRONegotiator,first,0.3341188352129271,1.0,1.3341188352129272
learners,v4.2,Camera,MiCRONegotiator,second,0.5927684745480297,1.0,1.5927684745480297
learners,v4.2,Car,BOANeg,first,0.7016333333333334,0.558330660123242,1.2599639934565754
learners,v4.2,Car,BOANeg,second,0.7962666666666668,0.5652528027820041,1.3615194694486707
learners,v4.2,Car,MAPNeg,first,0.8519000000000001,0.6648781194973967,1.5167781194973966
learners,v4.2,Car,MAPNeg,second,0.7937333333333335,0.5776105086533324,1.371343841986666
learners,v4.2,Car,MiCRONegotiator,first,0.5831000000000002,1.0,1.5831000000000002
learners,v4.2,Car,MiCRONegotiator,second,0.7860000000000001,1.0,1.7860000000000003
learners,v4.2,Grocery,BOANeg,first,0.6444444444444445,0.5196077540299681,1.1640521984744128
learners,v4.2,Grocery,BOANeg,second,0.7500000000000001,0.5531297933238156,1.3031297933238157
learners,v4.2,Grocery,MAPNeg,first,0.7222222222222223,0.5115000085480269,1.2337222307702493
learners,v4.2,Grocery,MAPNeg,second,0.7500000000000001,0.5624907573949907,1.3124907573949909
learners,v4.2,Grocery,MiCRONegotiator,first,0.6555555555555557,1.0,1.6555555555555557
learners,v4.2,Grocery,MiCRONegotiator,second,0.7500000000000001,1.0,1.75
learners,v4.2,ISBTAcquisition,BOANeg,first,0.6339869281045752,0.5568025996001156,1.1907895277046907
learners,v4.2,ISBTAcquisition,BOANeg,second,0.5121951219512194,0.871849053589286,1.3840441755405053
learners,v4.2,ISBTAcquisition,MAPNeg,first,0.6078431372549019,0.5540258120250625,1.1618689492799645
learners,v4.2,ISBTAcquisition,MAPNeg,second,0.5121951219512194,0.871849053589286,1.3840441755405053
learners,v4.2,ISBTAcquisition,MiCRONegotiator,first,0.6666666666666666,1.0,1.6666666666666667
learners,v4.2,ISBTAcquisition,MiCRONegotiator,second,0.5121951219512194,1.0,1.5121951219512197
learners,v4.2,Laptop,BOANeg,first,0.5775524426410947,0.3898836151735366,0.9674360578146314
learners,v4.2,Laptop,BOANeg,second,0.5136317604069089,0.709896639781189,1.223528400188098
learners,v4.2,Laptop,MAPNeg,first,0.5775524426410947,0.5409096385775362,1.118462081218631
learners,v4.2,Laptop,MAPNeg,second,0.5136317604069089,0.5923679668737983,1.1059997272807074
learners,v4.2,Laptop,MiCRONegotiator,first,0.5473200910104512,0.6666666666666666,1.213986757677118
learners,v4.2,Laptop,MiCRONegotiator,second,0.6757545069379395,1.0,1.6757545069379394
learners,v4.2,NiceOrDie,BOANeg,first,0.0,0.5766967202589003,0.5766967202589003
learners,v4.2,NiceOrDie,BOANeg,second,0.0,0.5095383597014029,0.5095383597014029
learners,v4.2,NiceOrDie,MAPNeg,first,0.0,0.5766967202589003,0.5766967202589003
learners,v4.2,NiceOrDie,MAPNeg,second,0.0,0.5431175399801517,0.5431175399801517
learners,v4.2,NiceOrDie,MiCRONegotiator,first,0.1654761904761905,1.0,1.1654761904761906
learners,v4.2,NiceOrDie,MiCRONegotiator,second,0.1654761904761905,1.0,1.1654761904761906
learners,v4.3,Amsterdam,BOANeg,first,0.7323420074349443,0.5599586920241569,1.292300699459101
learners,v4.3,Amsterdam,BOANeg,second,0.6198630136986301,0.5588423359808637,1.178705349679494
learners,v4.3,Amsterdam,MAPNeg,first,0.7100371747211897,0.557404811862804,1.2674419865839937
learners,v4.3,Amsterdam,MAPNeg,second,0.6198630136986301,0.5464591388557043,1.1663221525543344
learners,v4.3,Amsterdam,MiCRONegotiator,first,0.5923172242874845,1.0,1.5923172242874843
learners,v4.3,Amsterdam,MiCRONegotiator,second,0.6187214611872145,1.0,1.6187214611872145
learners,v4.3,Camera,BOANeg,first,0.5910901643943219,0.551168384260179,1.142258548654501
learners,v4.3,Camera,BOANeg,second,0.6210114138132136,0.5315552449839408,1.1525666587971544
learners,v4.3,Camera,MAPNeg,first,0.5910901643943219,0.551503697060103,1.1425938614544249
learners,v4.3,Camera,MAPNeg,second,0.619845038740315,0.5401967273548706,1.1600417660951854
learners,v4.3,Camera,MiCRONegotiator,first,0.23722156763732252,1.0,1.2372215676373226
learners,v4.3,Camera,MiCRONegotiator,second,0.5927684745480297,1.0,1.5927684745480297
learners,v4.3,Car,BOANeg,first,0.7016333333333334,0.5601337711295966,1.2617671044629302
learners,v4.3,Car,BOANeg,second,0.6605333333333334,0.5760240539756998,1.2365573873090332
learners,v4.3,Car,MAPNeg,first,0.8519000000000001,0.663232209640676,1.515132209640676
learners,v4.3,Car,MAPNeg,second,0.8616000000000001,0.5639928876072164,1.4255928876072164
learners,v4.3,Car,MiCRONegotiator,first,0.5831000000000002,1.0,1.5831000000000002
learners,v4.3,Car,MiCRONegotiator,second,0.7860000000000001,1.0,1.7860000000000003
learners,v4.3,Grocery,BOANeg,first,0.7055555555555557,0.504927150346996,1.2104827059025516
learners,v4.3,Grocery,BOANeg,second,0.7500000000000001,0.5510018506558555,1.3010018506558556
learners,v4.3,Grocery,MAPNeg,first,0.6444444444444445,0.5178148866359985,1.162259331080443
learners,v4.3,Grocery,MAPNeg,second,0.7500000000000001,0.543371246379324,1.293371246379324
learners,v4.3,Grocery,MiCRONegotiator,first,0.6333333333333334,1.0,1.6333333333333335
learners,v4.3,Grocery,MiCRONegotiator,second,0.7500000000000001,1.0,1.75
learners,v4.3,ISBTAcquisition,BOANeg,first,0.5533769063180829,0.5603210119801388,1.1136979182982218
learners,v4.3,ISBTAcquisition,BOANeg,second,0.5121951219512194,1.0,1.5121951219512197
learners,v4.3,ISBTAcquisition,MAPNeg,first,0.5795206971677561,0.5583554917452476,1.1378761889130036
learners,v4.3,ISBTAcquisition,MAPNeg,second,0.5121951219512194,0.7462257284061686,1.258420850357388
learners,v4.3,ISBTAcquisition,MiCRONegotiator,first,0.6122004357298475,1.0,1.6122004357298476
learners,v4.3,ISBTAcquisition,MiCRONegotiator,second,0.5203252032520324,1.0,1.5203252032520325
learners,v4.3,Laptop,BOANeg,first,0.5775524426410947,0.5771920972042187,1.1547445398453133
learners,v4.3,Laptop,BOANeg,second,0.5136317604069089,0.569344608157215,1.0829763685641238
learners,v4.3,Laptop,MAPNeg,first,0.5775524426410947,0.5579606716338701,1.1355131142749648
learners,v4.3,Laptop,MAPNeg,second,0.5136317604069089,0.5777521762555317,1.0913839366624407
learners,v4.3,Laptop,MiCRONegotiator,first,0.7068864136857821,1.0,1.7068864136857822
learners,v4.3,Laptop,MiCRONegotiator,second,0.7345814449313327,1.0,1.7345814449313328
learners,v4.3,NiceOrDie,BOANeg,first,0.0,0.5766967202589003,0.5766967202589003
learners,v4.3,NiceOrDie,BOANeg,second,0.0,0.5095383597014029,0.5095383597014029
learners,v4.3,NiceOrDie,MAPNeg,first,0.0,0.5766967202589003,0.5766967202589003
learners,v4.3,NiceOrDie,MAPNeg,second,0.0,0.5095383597014029,0.5095383597014029
learners,v4.3,NiceOrDie,MiCRONegotiator,first,0.1654761904761905,1.0,1.1654761904761906
learners,v4.3,NiceOrDie,MiCRONegotiator,second,0.1654761904761905,1.0,1.1654761904761906
learners,v3,Amsterdam,BOANeg,first,0.6889714993804213,0.5510116661078169,1.2399831654882383
learners,v3,Amsterdam,BOANeg,second,0.6655251141552511,0.5651003400991147,1.2306254542543658
learners,v3,Amsterdam,MAPNeg,first,0.7100371747211897,0.5420910177404136,1.252128192461603
learners,v3,Amsterdam,MAPNeg,second,0.6198630136986301,0.5673672074887569,1.187230221187387
learners,v3,Amsterdam,MiCRONegotiator,first,0.6059479553903345,1.0,1.6059479553903344
learners,v3,Amsterdam,MiCRONegotiator,second,0.6917808219178081,1.0,1.691780821917808
learners,v3,Camera,BOANeg,first,0.6204342703248611,0.5392642314766437,1.159698501801505
learners,v3,Camera,BOANeg,second,0.6025993501624595,0.5528967434690902,1.1554960936315497
learners,v3,Camera,MAPNeg,first,0.6204342703248611,0.5283239140702175,1.1487581843950787
learners,v3,Camera,MAPNeg,second,0.62476047654753,0.5440340293044554,1.1687945058519853
learners,v3,Camera,MiCRONegotiator,first,0.4347191830780452,1.0,1.4347191830780452
learners,v3,Camera,MiCRONegotiator,second,0.5841039740064985,1.0,1.5841039740064984
learners,v3,Car,BOANeg,first,0.7756333333333334,0.5704057599070427,1.3460390932403759
learners,v3,Car,BOANeg,second,0.7962666666666668,0.5744382915597438,1.3707049582264108
learners,v3,Car,MAPNeg,first,0.8226666666666667,0.5837075038776273,1.406374170544294
learners,v3,Car,MAPNeg,second,0.8616000000000001,0.5657535311032446,1.4273535311032444
learners,v3,Car,MiCRONegotiator,first,0.5899000000000001,1.0,1.5899
learners,v3,Car,MiCRONegotiator,second,0.6793333333333335,1.0,1.6793333333333333
learners,v3,Grocery,BOANeg,first,0.7092592592592594,0.4836192692808436,1.192878528540103
learners,v3,Grocery,BOANeg,second,0.7500000000000001,0.547486841187011,1.297486841187011
learners,v3,Grocery,MAPNeg,first,0.6666666666666669,0.4974904222917928,1.1641570889584594
learners,v3,Grocery,MAPNeg,second,0.7500000000000001,0.5642746521474867,1.3142746521474866
learners,v3,Grocery,MiCRONegotiator,first,0.588888888888889,1.0,1.5888888888888892
learners,v3,Grocery,MiCRONegotiator,second,0.7500000000000001,1.0,1.75
learners,v3,ISBTAcquisition,BOANeg,first,0.7516339869281046,0.5453965044798333,1.2970304914079378
learners,v3,ISBTAcquisition,BOANeg,second,0.5121951219512194,1.0,1.5121951219512197
learners,v3,ISBTAcquisition,MAPNeg,first,0.6666666666666666,0.549792769413899,1.2164594360805658
learners,v3,ISBTAcquisition,MAPNeg,second,0.5121951219512194,0.871849053589286,1.3840441755405053
learners,v3,ISBTAcquisition,MiCRONegotiator,first,0.5076252723311547,1.0,1.5076252723311547
learners,v3,ISBTAcquisition,MiCRONegotiator,second,0.5121951219512194,1.0,1.5121951219512197
learners,v3,Laptop,BOANeg,first,0.5775524426410947,0.411716238975935,0.9892686816170299
learners,v3,Laptop,BOANeg,second,0.5136317604069089,0.5607756506200908,1.0744074110269997
learners,v3,Laptop,MAPNeg,first,0.5775524426410947,0.5704959684362124,1.1480484110773073
learners,v3,Laptop,MAPNeg,second,0.5136317604069089,0.5797405320740667,1.0933722924809757
learners,v3,Laptop,MiCRONegotiator,first,0.5775524426410947,0.6666666666666666,1.2442191093077615
learners,v3,Laptop,MiCRONegotiator,second,0.6169275689445458,1.0,1.616927568944546
learners,v3,NiceOrDie,BOANeg,first,0.1654761904761905,0.5333333333333333,0.6988095238095239
learners,v3,NiceOrDie,BOANeg,second,0.1654761904761905,0.5333333333333333,0.6988095238095239
learners,v3,NiceOrDie,MAPNeg,first,0.1654761904761905,0.5333333333333333,0.6988095238095239
learners,v3,NiceOrDie,MAPNeg,second,0.1654761904761905,0.5413469401924486,0.7068231306686391
learners,v3,NiceOrDie,MiCRONegotiator,first,0.1654761904761905,1.0,1.1654761904761906
learners,v3,NiceOrDie,MiCRONegotiator,second,0.1654761904761905,1.0,1.1654761904761906
stress,v4.2,Amsterdam,BoulwareTBNegotiator,first,0.7100371747211897,1.0,1.7100371747211895
stress,v4.2,Amsterdam,BoulwareTBNegotiator,second,0.6198630136986301,1.0,1.61986301369863
stress,v4.2,Amsterdam,ConcederTBNegotiator,first,0.7546468401486989,1.0,1.754646840148699
stress,v4.2,Amsterdam,ConcederTBNegotiator,second,0.6267123287671232,1.0,1.6267123287671232
stress,v4.2,Amsterdam,LinearTBNegotiator,first,0.5687732342007434,1.0,1.5687732342007437
stress,v4.2,Amsterdam,LinearTBNegotiator,second,0.5570776255707761,1.0,1.5570776255707763
stress,v4.2,Amsterdam,ToughNegotiator,first,0.30855018587360594,1.0,1.308550185873606
stress,v4.2,Amsterdam,ToughNegotiator,second,0.47260273972602734,1.0,1.4726027397260273
stress,v4.2,Amsterdam,TimeBasedNegotiator,first,0.6567534076827756,1.0,1.6567534076827757
stress,v4.2,Amsterdam,TimeBasedNegotiator,second,0.6198630136986301,1.0,1.61986301369863
stress,v4.2,Amsterdam,AspirationNegotiator,first,0.7100371747211897,1.0,1.7100371747211895
stress,v4.2,Amsterdam,AspirationNegotiator,second,0.6438356164383561,1.0,1.6438356164383563
stress,v4.2,Amsterdam,HybridNegotiator,first,0.6059479553903345,1.0,1.6059479553903344
stress,v4.2,Amsterdam,HybridNegotiator,second,0.6518264840182648,1.0,1.6518264840182646
stress,v4.2,Amsterdam,RandomNegotiator,first,0.61090458488228,1.0,1.61090458488228
stress,v4.2,Amsterdam,RandomNegotiator,second,0.7420091324200913,1.0,1.7420091324200913
stress,v4.2,Amsterdam,NaiveTitForTatNegotiator,first,0.47955390334572484,0.548451467372875,1.0280053707185999
stress,v4.2,Amsterdam,NaiveTitForTatNegotiator,second,0.595890410958904,0.564044680819876,1.1599350917787798
stress,v4.2,Amsterdam,SimpleTitForTatNegotiator,first,0.47955390334572484,0.5490053212083987,1.0285592245541235
stress,v4.2,Amsterdam,SimpleTitForTatNegotiator,second,0.5559360730593607,0.5528655037254948,1.1088015767848554
stress,v4.2,Amsterdam,FirstOfferOrientedTBNegotiator,first,0.681536555142503,1.0,1.681536555142503
stress,v4.2,Amsterdam,FirstOfferOrientedTBNegotiator,second,0.6198630136986301,1.0,1.61986301369863
stress,v4.2,Amsterdam,LastOfferOrientedTBNegotiator,first,0.7100371747211897,1.0,1.7100371747211895
stress,v4.2,Amsterdam,LastOfferOrientedTBNegotiator,second,0.6198630136986301,1.0,1.61986301369863
stress,v4.2,Camera,BoulwareTBNegotiator,first,0.666554452112439,1.0,1.666554452112439
stress,v4.2,Camera,BoulwareTBNegotiator,second,0.6382571023910689,1.0,1.638257102391069
stress,v4.2,Camera,ConcederTBNegotiator,first,0.8845312236997138,1.0,1.8845312236997138
stress,v4.2,Camera,ConcederTBNegotiator,second,0.5973506623344165,1.0,1.5973506623344165
stress,v4.2,Camera,LinearTBNegotiator,first,0.6241373506143746,1.0,1.6241373506143748
stress,v4.2,Camera,LinearTBNegotiator,second,0.5733566608347914,1.0,1.5733566608347915
stress,v4.2,Camera,ToughNegotiator,first,0.26931493014644,1.0,1.26931493014644
stress,v4.2,Camera,ToughNegotiator,second,0.4558860284928768,1.0,1.4558860284928767
stress,v4.2,Camera,TimeBasedNegotiator,first,0.6204342703248611,1.0,1.6204342703248613
stress,v4.2,Camera,TimeBasedNegotiator,second,0.6063484128967759,1.0,1.606348412896776
stress,v4.2,Camera,AspirationNegotiator,first,0.5975425012624137,1.0,1.5975425012624136
stress,v4.2,Camera,AspirationNegotiator,second,0.6285095392818464,1.0,1.6285095392818463
stress,v4.2,Camera,HybridNegotiator,first,0.5324019525332435,1.0,1.5324019525332435
stress,v4.2,Camera,HybridNegotiator,second,0.5841039740064985,1.0,1.5841039740064984
stress,v4.2,Camera,RandomNegotiator,first,0.3962295909779499,0.6666666666666666,1.0628962576446166
stress,v4.2,Camera,RandomNegotiator,second,0.1667916354244772,1.0,1.1667916354244772
stress,v4.2,Camera,NaiveTitForTatNegotiator,first,0.47994164843180154,0.6155481169758922,1.0954897654076936
stress,v4.2,Camera,NaiveTitForTatNegotiator,second,0.630425726901608,0.6116336955000428,1.2420594224016508
stress,v4.2,Camera,SimpleTitForTatNegotiator,first,0.47702407002188174,0.61424799528397,1.0912720653058516
stress,v4.2,Camera,SimpleTitForTatNegotiator,second,0.5282845955177873,0.6213527414811318,1.149637336998919
stress,v4.2,Camera,FirstOfferOrientedTBNegotiator,first,0.6204342703248611,1.0,1.6204342703248613
stress,v4.2,Camera,FirstOfferOrientedTBNegotiator,second,0.6063484128967759,1.0,1.606348412896776
stress,v4.2,Camera,LastOfferOrientedTBNegotiator,first,0.5910901643943219,1.0,1.5910901643943218
stress,v4.2,Camera,LastOfferOrientedTBNegotiator,second,0.6588352911772059,1.0,1.6588352911772057
stress,v4.2,Car,BoulwareTBNegotiator,first,0.7527,1.0,1.7527000000000001
stress,v4.2,Car,BoulwareTBNegotiator,second,0.8562666666666668,1.0,1.8562666666666667
stress,v4.2,Car,ConcederTBNegotiator,first,0.6488666666666667,0.0,0.6488666666666667
stress,v4.2,Car,ConcederTBNegotiator,second,0.9788,1.0,1.9788
stress,v4.2,Car,LinearTBNegotiator,first,0.6099333333333333,1.0,1.6099333333333334
stress,v4.2,Car,LinearTBNegotiator,second,0.7316000000000001,1.0,1.7316000000000003
stress,v4.2,Car,ToughNegotiator,first,0.0,1.0,1.0
stress,v4.2,Car,ToughNegotiator,second,0.0,1.0,1.0
stress,v4.2,Car,TimeBasedNegotiator,first,0.8023000000000001,1.0,1.8023
stress,v4.2,Car,TimeBasedNegotiator,second,0.7272000000000002,1.0,1.7272
stress,v4.2,Car,AspirationNegotiator,first,0.7807666666666666,1.0,1.7807666666666666
stress,v4.2,Car,AspirationNegotiator,second,0.8716000000000003,1.0,1.8716000000000002
stress,v4.2,Car,HybridNegotiator,first,0.6099333333333333,1.0,1.6099333333333334
stress,v4.2,Car,HybridNegotiator,second,0.7725333333333335,1.0,1.7725333333333335
stress,v4.2,Car,RandomNegotiator,first,0.4525666666666666,0.6666666666666666,1.1192333333333335
stress,v4.2,Car,RandomNegotiator,second,0.9226000000000001,1.0,1.9226
stress,v4.2,Car,NaiveTitForTatNegotiator,first,0.6920000000000001,0.48566529047784424,1.1776652904778442
stress,v4.2,Car,NaiveTitForTatNegotiator,second,0.6152000000000001,0.4919636673487162,1.1071636673487164
stress,v4.2,Car,SimpleTitForTatNegotiator,first,0.8367999999999999,0.48566529047784424,1.3224652904778442
stress,v4.2,Car,SimpleTitForTatNegotiator,second,0.8822000000000001,0.4919636673487162,1.374163667348716
stress,v4.2,Car,FirstOfferOrientedTBNegotiator,first,0.8519000000000001,1.0,1.8518999999999999
stress,v4.2,Car,FirstOfferOrientedTBNegotiator,second,0.8616000000000001,1.0,1.8616000000000001
stress,v4.2,Car,LastOfferOrientedTBNegotiator,first,0.8023000000000001,1.0,1.8023
stress,v4.2,Car,LastOfferOrientedTBNegotiator,second,0.7344,1.0,1.7344000000000002
stress,v4.2,Grocery,BoulwareTBNegotiator,first,0.7055555555555557,1.0,1.7055555555555557
stress,v4.2,Grocery,BoulwareTBNegotiator,second,0.7500000000000001,1.0,1.75
stress,v4.2,Grocery,ConcederTBNegotiator,first,0.5462962962962964,0.6666666666666666,1.212962962962963
stress,v4.2,Grocery,ConcederTBNegotiator,second,0.638888888888889,1.0,1.6388888888888886
stress,v4.2,Grocery,LinearTBNegotiator,first,0.6222222222222222,1.0,1.6222222222222225
stress,v4.2,Grocery,LinearTBNegotiator,second,0.7500000000000001,1.0,1.75
stress,v4.2,Grocery,ToughNegotiator,first,0.388888888888889,1.0,1.3888888888888886
stress,v4.2,Grocery,ToughNegotiator,second,0.47222222222222227,1.0,1.4722222222222223
stress,v4.2,Grocery,TimeBasedNegotiator,first,0.6444444444444445,1.0,1.6444444444444446
stress,v4.2,Grocery,TimeBasedNegotiator,second,0.7500000000000001,1.0,1.75
stress,v4.2,Grocery,AspirationNegotiator,first,0.6000000000000001,1.0,1.6000000000000003
stress,v4.2,Grocery,AspirationNegotiator,second,0.7500000000000001,1.0,1.75
stress,v4.2,Grocery,HybridNegotiator,first,0.5481481481481482,1.0,1.548148148148148
stress,v4.2,Grocery,HybridNegotiator,second,0.7870370370370372,1.0,1.787037037037037
stress,v4.2,Grocery,RandomNegotiator,first,0.36111111111111116,1.0,1.3611111111111114
stress,v4.2,Grocery,RandomNegotiator,second,0.38333333333333336,1.0,1.3833333333333335
stress,v4.2,Grocery,NaiveTitForTatNegotiator,first,0.5981481481481482,0.6283344821062667,1.226482630254415
stress,v4.2,Grocery,NaiveTitForTatNegotiator,second,0.6259259259259259,0.6433894593371329,1.269315385263059
stress,v4.2,Grocery,SimpleTitForTatNegotiator,first,0.5481481481481483,0.6266810918303423,1.1748292399784905
stress,v4.2,Grocery,SimpleTitForTatNegotiator,second,0.5703703703703703,0.6354339259402741,1.2058042963106446
stress,v4.2,Grocery,FirstOfferOrientedTBNegotiator,first,0.6444444444444445,1.0,1.6444444444444446
stress,v4.2,Grocery,FirstOfferOrientedTBNegotiator,second,0.7500000000000001,1.0,1.75
stress,v4.2,Grocery,LastOfferOrientedTBNegotiator,first,0.6666666666666669,1.0,1.6666666666666667
stress,v4.2,Grocery,LastOfferOrientedTBNegotiator,second,0.7500000000000001,1.0,1.75
stress,v4.2,ISBTAcquisition,BoulwareTBNegotiator,first,0.6405228758169935,1.0,1.6405228758169936
stress,v4.2,ISBTAcquisition,BoulwareTBNegotiator,second,0.5121951219512194,1.0,1.5121951219512197
stress,v4.2,ISBTAcquisition,ConcederTBNegotiator,first,0.5098039215686274,0.3333333333333333,0.8431372549019608
stress,v4.2,ISBTAcquisition,ConcederTBNegotiator,second,0.5243902439024389,1.0,1.524390243902439
stress,v4.2,ISBTAcquisition,LinearTBNegotiator,first,0.5032679738562091,1.0,1.5032679738562091
stress,v4.2,ISBTAcquisition,LinearTBNegotiator,second,0.5162601626016259,1.0,1.516260162601626
stress,v4.2,ISBTAcquisition,ToughNegotiator,first,0.3398692810457516,1.0,1.3398692810457515
stress,v4.2,ISBTAcquisition,ToughNegotiator,second,0.5121951219512194,1.0,1.5121951219512197
stress,v4.2,ISBTAcquisition,TimeBasedNegotiator,first,0.5468409586056645,1.0,1.5468409586056646
stress,v4.2,ISBTAcquisition,TimeBasedNegotiator,second,0.5121951219512194,1.0,1.5121951219512197
stress,v4.2,ISBTAcquisition,AspirationNegotiator,first,0.6405228758169935,1.0,1.6405228758169936
stress,v4.2,ISBTAcquisition,AspirationNegotiator,second,0.5121951219512194,1.0,1.5121951219512197
stress,v4.2,ISBTAcquisition,HybridNegotiator,first,0.6100217864923747,1.0,1.610021786492375
stress,v4.2,ISBTAcquisition,HybridNegotiator,second,0.5121951219512194,1.0,1.5121951219512197
stress,v4.2,ISBTAcquisition,RandomNegotiator,first,0.6318082788671023,1.0,1.6318082788671024
stress,v4.2,ISBTAcquisition,RandomNegotiator,second,0.5609756097560975,1.0,1.5609756097560974
stress,v4.2,ISBTAcquisition,NaiveTitForTatNegotiator,first,0.5468409586056645,0.5908972045950883,1.1377381632007528
stress,v4.2,ISBTAcquisition,NaiveTitForTatNegotiator,second,0.5121951219512194,0.5964173630080392,1.1086124849592585
stress,v4.2,ISBTAcquisition,SimpleTitForTatNegotiator,first,0.6732026143790849,0.5916085363569354,1.2648111507360205
stress,v4.2,ISBTAcquisition,SimpleTitForTatNegotiator,second,0.5121951219512194,0.5964173630080392,1.1086124849592585
stress,v4.2,ISBTAcquisition,FirstOfferOrientedTBNegotiator,first,0.5729847494553377,1.0,1.5729847494553377
stress,v4.2,ISBTAcquisition,FirstOfferOrientedTBNegotiator,second,0.5121951219512194,1.0,1.5121951219512197
stress,v4.2,ISBTAcquisition,LastOfferOrientedTBNegotiator,first,0.46623093681917216,1.0,1.4662309368191722
stress,v4.2,ISBTAcquisition,LastOfferOrientedTBNegotiator,second,0.5121951219512194,1.0,1.5121951219512197
stress,v4.2,Laptop,BoulwareTBNegotiator,first,0.5775524426410947,1.0,1.577552442641095
stress,v4.2,Laptop,BoulwareTBNegotiator,second,0.5136317604069089,1.0,1.513631760406909
stress,v4.2,Laptop,ConcederTBNegotiator,first,0.5515223732715078,0.6666666666666666,1.2181890399381745
stress,v4.2,Laptop,ConcederTBNegotiator,second,0.6493483563162581,1.0,1.649348356316258
stress,v4.2,Laptop,LinearTBNegotiator,first,0.5473200910104512,1.0,1.547320091010451
stress,v4.2,Laptop,LinearTBNegotiator,second,0.5136317604069089,1.0,1.513631760406909
stress,v4.2,Laptop,ToughNegotiator,first,0.5775524426410947,1.0,1.577552442641095
stress,v4.2,Laptop,ToughNegotiator,second,0.5136317604069089,1.0,1.513631760406909
stress,v4.2,Laptop,TimeBasedNegotiator,first,0.5775524426410947,1.0,1.577552442641095
stress,v4.2,Laptop,TimeBasedNegotiator,second,0.5136317604069089,1.0,1.513631760406909
stress,v4.2,Laptop,AspirationNegotiator,first,0.5775524426410947,1.0,1.577552442641095
stress,v4.2,Laptop,AspirationNegotiator,second,0.5136317604069089,1.0,1.513631760406909
stress,v4.2,Laptop,HybridNegotiator,first,0.5775524426410947,1.0,1.577552442641095
stress,v4.2,Laptop,HybridNegotiator,second,0.6241066026691209,1.0,1.6241066026691209
stress,v4.2,Laptop,RandomNegotiator,first,0.4244847785084766,1.0,1.4244847785084767
stress,v4.2,Laptop,RandomNegotiator,second,0.8576771640171134,1.0,1.8576771640171135
stress,v4.2,Laptop,NaiveTitForTatNegotiator,first,0.5170877393798077,0.46453038234892746,0.9816181217287351
stress,v4.2,Laptop,NaiveTitForTatNegotiator,second,0.5522706555273108,0.6932670477187611,1.245537703246072
stress,v4.2,Laptop,SimpleTitForTatNegotiator,first,0.5775524426410947,0.6844358410163034,1.2619882836573981
stress,v4.2,Laptop,SimpleTitForTatNegotiator,second,0.649736488641106,0.6932670477187611,1.3430035363598674
stress,v4.2,Laptop,FirstOfferOrientedTBNegotiator,first,0.5775524426410947,0.6666666666666666,1.2442191093077615
stress,v4.2,Laptop,FirstOfferOrientedTBNegotiator,second,0.5136317604069089,1.0,1.513631760406909
stress,v4.2,Laptop,LastOfferOrientedTBNegotiator,first,0.5775524426410947,0.6666666666666666,1.2442191093077615
stress,v4.2,Laptop,LastOfferOrientedTBNegotiator,second,0.5136317604069089,1.0,1.513631760406909
stress,v4.2,NiceOrDie,BoulwareTBNegotiator,first,0.0,1.0,1.0
stress,v4.2,NiceOrDie,BoulwareTBNegotiator,second,0.0,1.0,1.0
stress,v4.2,NiceOrDie,ConcederTBNegotiator,first,0.1654761904761905,1.0,1.1654761904761906
stress,v4.2,NiceOrDie,ConcederTBNegotiator,second,0.1654761904761905,1.0,1.1654761904761906
stress,v4.2,NiceOrDie,LinearTBNegotiator,first,0.1654761904761905,1.0,1.1654761904761906
stress,v4.2,NiceOrDie,LinearTBNegotiator,second,0.1654761904761905,1.0,1.1654761904761906
stress,v4.2,NiceOrDie,ToughNegotiator,first,0.0,1.0,1.0
stress,v4.2,NiceOrDie,ToughNegotiator,second,0.0,1.0,1.0
stress,v4.2,NiceOrDie,TimeBasedNegotiator,first,0.0,1.0,1.0
stress,v4.2,NiceOrDie,TimeBasedNegotiator,second,0.0,1.0,1.0
stress,v4.2,NiceOrDie,AspirationNegotiator,first,0.0,1.0,1.0
stress,v4.2,NiceOrDie,AspirationNegotiator,second,0.0,1.0,1.0
stress,v4.2,NiceOrDie,HybridNegotiator,first,0.0,1.0,1.0
stress,v4.2,NiceOrDie,HybridNegotiator,second,0.0,1.0,1.0
stress,v4.2,NiceOrDie,RandomNegotiator,first,0.4436507936507937,1.0,1.4436507936507936
stress,v4.2,NiceOrDie,RandomNegotiator,second,1.0,1.0,2.0
stress,v4.2,NiceOrDie,NaiveTitForTatNegotiator,first,0.1654761904761905,0.47595917942265425,0.6414353698988446
stress,v4.2,NiceOrDie,NaiveTitForTatNegotiator,second,0.1654761904761905,0.47595917942265425,0.6414353698988446
stress,v4.2,NiceOrDie,SimpleTitForTatNegotiator,first,0.1654761904761905,0.47595917942265425,0.6414353698988446
stress,v4.2,NiceOrDie,SimpleTitForTatNegotiator,second,0.1654761904761905,0.47595917942265425,0.6414353698988446
stress,v4.2,NiceOrDie,FirstOfferOrientedTBNegotiator,first,0.0,1.0,1.0
stress,v4.2,NiceOrDie,FirstOfferOrientedTBNegotiator,second,0.0,1.0,1.0
stress,v4.2,NiceOrDie,LastOfferOrientedTBNegotiator,first,0.0,1.0,1.0
stress,v4.2,NiceOrDie,LastOfferOrientedTBNegotiator,second,0.0,1.0,1.0
stress,v4.3,Amsterdam,BoulwareTBNegotiator,first,0.681536555142503,1.0,1.681536555142503
stress,v4.3,Amsterdam,BoulwareTBNegotiator,second,0.6198630136986301,1.0,1.61986301369863
stress,v4.3,Amsterdam,ConcederTBNegotiator,first,0.7546468401486989,1.0,1.754646840148699
stress,v4.3,Amsterdam,ConcederTBNegotiator,second,0.6449771689497716,1.0,1.6449771689497716
stress,v4.3,Amsterdam,LinearTBNegotiator,first,0.5241635687732341,1.0,1.5241635687732344
stress,v4.3,Amsterdam,LinearTBNegotiator,second,0.5924657534246575,1.0,1.5924657534246573
stress,v4.3,Amsterdam,ToughNegotiator,first,0.30855018587360594,1.0,1.308550185873606
stress,v4.3,Amsterdam,ToughNegotiator,second,0.47260273972602734,1.0,1.4726027397260273
stress,v4.3,Amsterdam,TimeBasedNegotiator,first,0.7100371747211897,1.0,1.7100371747211895
stress,v4.3,Amsterdam,TimeBasedNegotiator,second,0.6198630136986301,1.0,1.61986301369863
stress,v4.3,Amsterdam,AspirationNegotiator,first,0.7100371747211897,1.0,1.7100371747211895
stress,v4.3,Amsterdam,AspirationNegotiator,second,0.6586757990867579,1.0,1.658675799086758
stress,v4.3,Amsterdam,HybridNegotiator,first,0.5824039653035934,1.0,1.5824039653035935
stress,v4.3,Amsterdam,HybridNegotiator,second,0.6746575342465754,1.0,1.674657534246575
stress,v4.3,Amsterdam,RandomNegotiator,first,0.3977695167286246,0.6666666666666666,1.0644361833952913
stress,v4.3,Amsterdam,RandomNegotiator,second,0.6232876712328766,1.0,1.6232876712328768
stress,v4.3,Amsterdam,NaiveTitForTatNegotiator,first,0.5266418835192069,0.550022068671182,1.076663952190389
stress,v4.3,Amsterdam,NaiveTitForTatNegotiator,second,0.5468036529680365,0.5639797596890225,1.110783412657059
stress,v4.3,Amsterdam,SimpleTitForTatNegotiator,first,0.5935563816604708,0.5444628761893043,1.1380192578497752
stress,v4.3,Amsterdam,SimpleTitForTatNegotiator,second,0.6484018264840182,0.5621204998569818,1.2105223263409999
stress,v4.3,Amsterdam,FirstOfferOrientedTBNegotiator,first,0.6877323420074349,1.0,1.687732342007435
stress,v4.3,Amsterdam,FirstOfferOrientedTBNegotiator,second,0.6198630136986301,1.0,1.61986301369863
stress,v4.3,Amsterdam,LastOfferOrientedTBNegotiator,first,0.7100371747211897,1.0,1.7100371747211895
stress,v4.3,Amsterdam,LastOfferOrientedTBNegotiator,second,0.6198630136986301,1.0,1.61986301369863
stress,v4.3,Camera,BoulwareTBNegotiator,first,0.5910901643943219,1.0,1.5910901643943218
stress,v4.3,Camera,BoulwareTBNegotiator,second,0.5976839123552447,1.0,1.5976839123552447
stress,v4.3,Camera,ConcederTBNegotiator,first,0.8845312236997138,1.0,1.8845312236997138
stress,v4.3,Camera,ConcederTBNegotiator,second,0.6543364158960261,1.0,1.654336415896026
stress,v4.3,Camera,LinearTBNegotiator,first,0.6241373506143746,1.0,1.6241373506143748
stress,v4.3,Camera,LinearTBNegotiator,second,0.5988502874281431,1.0,1.5988502874281432
stress,v4.3,Camera,ToughNegotiator,first,0.26931493014644,1.0,1.26931493014644
stress,v4.3,Camera,ToughNegotiator,second,0.4558860284928768,1.0,1.4558860284928767
stress,v4.3,Camera,TimeBasedNegotiator,first,0.6204342703248611,1.0,1.6204342703248613
stress,v4.3,Camera,TimeBasedNegotiator,second,0.6210114138132136,1.0,1.6210114138132135
stress,v4.3,Camera,AspirationNegotiator,first,0.5975425012624137,1.0,1.5975425012624136
stress,v4.3,Camera,AspirationNegotiator,second,0.5988502874281431,1.0,1.5988502874281432
stress,v4.3,Camera,HybridNegotiator,first,0.610559389552825,1.0,1.610559389552825
stress,v4.3,Camera,HybridNegotiator,second,0.6295092893443307,1.0,1.6295092893443306
stress,v4.3,Camera,RandomNegotiator,first,0.5674690007293945,1.0,1.5674690007293945
stress,v4.3,Camera,RandomNegotiator,second,0.6381737898858618,1.0,1.6381737898858617
stress,v4.3,Camera,NaiveTitForTatNegotiator,first,0.47994164843180154,0.6171086989161747,1.0970503473479762
stress,v4.3,Camera,NaiveTitForTatNegotiator,second,0.5398650337415646,0.616430571021758,1.1562956047633226
stress,v4.3,Camera,SimpleTitForTatNegotiator,first,0.4848790888178196,0.618408820608097,1.1032879094259165
stress,v4.3,Camera,SimpleTitForTatNegotiator,second,0.5301174706323419,0.6159525919407716,1.1460700625731135
stress,v4.3,Camera,FirstOfferOrientedTBNegotiator,first,0.6204342703248611,1.0,1.6204342703248613
stress,v4.3,Camera,FirstOfferOrientedTBNegotiator,second,0.6285095392818464,1.0,1.6285095392818463
stress,v4.3,Camera,LastOfferOrientedTBNegotiator,first,0.6204342703248611,1.0,1.6204342703248613
stress,v4.3,Camera,LastOfferOrientedTBNegotiator,second,0.6063484128967759,1.0,1.606348412896776
stress,v4.3,Car,BoulwareTBNegotiator,first,0.8023000000000001,1.0,1.8023
stress,v4.3,Car,BoulwareTBNegotiator,second,0.7877333333333335,1.0,1.7877333333333334
stress,v4.3,Car,ConcederTBNegotiator,first,0.8015333333333333,0.0,0.8015333333333333
stress,v4.3,Car,ConcederTBNegotiator,second,0.9788,1.0,1.9788
stress,v4.3,Car,LinearTBNegotiator,first,0.6726666666666667,1.0,1.672666666666667
stress,v4.3,Car,LinearTBNegotiator,second,0.7028,1.0,1.7027999999999999
stress,v4.3,Car,ToughNegotiator,first,0.0,1.0,1.0
stress,v4.3,Car,ToughNegotiator,second,0.0,1.0,1.0
stress,v4.3,Car,TimeBasedNegotiator,first,0.7527,1.0,1.7527000000000001
stress,v4.3,Car,TimeBasedNegotiator,second,0.8004000000000001,1.0,1.8004
stress,v4.3,Car,AspirationNegotiator,first,0.7807666666666666,1.0,1.7807666666666666
stress,v4.3,Car,AspirationNegotiator,second,0.8716000000000003,1.0,1.8716000000000002
stress,v4.3,Car,HybridNegotiator,first,0.6726666666666666,1.0,1.672666666666667
stress,v4.3,Car,HybridNegotiator,second,0.7950666666666667,1.0,1.7950666666666668
stress,v4.3,Car,RandomNegotiator,first,0.5269666666666667,0.6666666666666666,1.1936333333333333
stress,v4.3,Car,RandomNegotiator,second,0.8132666666666667,1.0,1.8132666666666666
stress,v4.3,Car,NaiveTitForTatNegotiator,first,0.8367999999999999,0.48566529047784424,1.3224652904778442
stress,v4.3,Car,NaiveTitForTatNegotiator,second,0.7611333333333334,0.4919636673487162,1.2530970006820497
stress,v4.3,Car,SimpleTitForTatNegotiator,first,0.8367999999999999,0.48566529047784424,1.3224652904778442
stress,v4.3,Car,SimpleTitForTatNegotiator,second,0.6778666666666667,0.4919636673487162,1.1698303340153828
stress,v4.3,Car,FirstOfferOrientedTBNegotiator,first,0.8519000000000001,1.0,1.8518999999999999
stress,v4.3,Car,FirstOfferOrientedTBNegotiator,second,0.8616000000000001,1.0,1.8616000000000001
stress,v4.3,Car,LastOfferOrientedTBNegotiator,first,0.8519000000000001,1.0,1.8518999999999999
stress,v4.3,Car,LastOfferOrientedTBNegotiator,second,0.8616000000000001,1.0,1.8616000000000001
stress,v4.3,Grocery,BoulwareTBNegotiator,first,0.6444444444444445,1.0,1.6444444444444446
stress,v4.3,Grocery,BoulwareTBNegotiator,second,0.7500000000000001,1.0,1.75
stress,v4.3,Grocery,ConcederTBNegotiator,first,0.5981481481481482,1.0,1.598148148148148
stress,v4.3,Grocery,ConcederTBNegotiator,second,0.638888888888889,1.0,1.6388888888888886
stress,v4.3,Grocery,LinearTBNegotiator,first,0.6111111111111112,1.0,1.6111111111111114
stress,v4.3,Grocery,LinearTBNegotiator,second,0.7500000000000001,1.0,1.75
stress,v4.3,Grocery,ToughNegotiator,first,0.388888888888889,1.0,1.3888888888888886
stress,v4.3,Grocery,ToughNegotiator,second,0.47222222222222227,1.0,1.4722222222222223
stress,v4.3,Grocery,TimeBasedNegotiator,first,0.7444444444444446,1.0,1.7444444444444447
stress,v4.3,Grocery,TimeBasedNegotiator,second,0.7500000000000001,1.0,1.75
stress,v4.3,Grocery,AspirationNegotiator,first,0.7444444444444446,1.0,1.7444444444444447
stress,v4.3,Grocery,AspirationNegotiator,second,0.7500000000000001,1.0,1.75
stress,v4.3,Grocery,HybridNegotiator,first,0.49444444444444446,1.0,1.4944444444444445
stress,v4.3,Grocery,HybridNegotiator,second,0.6370370370370372,1.0,1.637037037037037
stress,v4.3,Grocery,RandomNegotiator,first,0.22222222222222224,1.0,1.2222222222222223
stress,v4.3,Grocery,RandomNegotiator,second,0.5981481481481482,1.0,1.598148148148148
stress,v4.3,Grocery,NaiveTitForTatNegotiator,first,0.5481481481481483,0.6242647954216299,1.172412943569778
stress,v4.3,Grocery,NaiveTitForTatNegotiator,second,0.6259259259259259,0.6388484623696925,1.2647743882956184
stress,v4.3,Grocery,SimpleTitForTatNegotiator,first,0.5092592592592593,0.6303978759249121,1.1396571351841716
stress,v4.3,Grocery,SimpleTitForTatNegotiator,second,0.6703703703703704,0.6423036054613724,1.312673975831743
stress,v4.3,Grocery,FirstOfferOrientedTBNegotiator,first,0.6277777777777779,1.0,1.627777777777778
stress,v4.3,Grocery,FirstOfferOrientedTBNegotiator,second,0.7500000000000001,1.0,1.75
stress,v4.3,Grocery,LastOfferOrientedTBNegotiator,first,0.6055555555555556,1.0,1.6055555555555554
stress,v4.3,Grocery,LastOfferOrientedTBNegotiator,second,0.7500000000000001,1.0,1.75
stress,v4.3,ISBTAcquisition,BoulwareTBNegotiator,first,0.5686274509803922,1.0,1.5686274509803921
stress,v4.3,ISBTAcquisition,BoulwareTBNegotiator,second,0.5121951219512194,1.0,1.5121951219512197
stress,v4.3,ISBTAcquisition,ConcederTBNegotiator,first,0.5163398692810457,0.6666666666666666,1.1830065359477124
stress,v4.3,ISBTAcquisition,ConcederTBNegotiator,second,0.6341463414634146,1.0,1.6341463414634145
stress,v4.3,ISBTAcquisition,LinearTBNegotiator,first,0.5250544662309369,1.0,1.5250544662309367
stress,v4.3,ISBTAcquisition,LinearTBNegotiator,second,0.5121951219512194,1.0,1.5121951219512197
stress,v4.3,ISBTAcquisition,ToughNegotiator,first,0.3398692810457516,1.0,1.3398692810457515
stress,v4.3,ISBTAcquisition,ToughNegotiator,second,0.5121951219512194,1.0,1.5121951219512197
stress,v4.3,ISBTAcquisition,TimeBasedNegotiator,first,0.5403050108932462,1.0,1.5403050108932463
stress,v4.3,ISBTAcquisition,TimeBasedNegotiator,second,0.5121951219512194,1.0,1.5121951219512197
stress,v4.3,ISBTAcquisition,AspirationNegotiator,first,0.6013071895424837,1.0,1.601307189542484
stress,v4.3,ISBTAcquisition,AspirationNegotiator,second,0.5121951219512194,1.0,1.5121951219512197
stress,v4.3,ISBTAcquisition,HybridNegotiator,first,0.6100217864923747,1.0,1.610021786492375
stress,v4.3,ISBTAcquisition,HybridNegotiator,second,0.5121951219512194,1.0,1.5121951219512197
stress,v4.3,ISBTAcquisition,RandomNegotiator,first,0.6013071895424836,1.0,1.6013071895424835
stress,v4.3,ISBTAcquisition,RandomNegotiator,second,0.6178861788617885,1.0,1.6178861788617886
stress,v4.3,ISBTAcquisition,NaiveTitForTatNegotiator,first,0.6100217864923748,0.5912528704760119,1.2012746569683868
stress,v4.3,ISBTAcquisition,NaiveTitForTatNegotiator,second,0.5121951219512194,0.5964173630080392,1.1086124849592585
stress,v4.3,ISBTAcquisition,SimpleTitForTatNegotiator,first,0.5599128540305011,0.5908972045950883,1.1508100586255894
stress,v4.3,ISBTAcquisition,SimpleTitForTatNegotiator,second,0.5121951219512194,0.5964173630080392,1.1086124849592585
stress,v4.3,ISBTAcquisition,FirstOfferOrientedTBNegotiator,first,0.6013071895424837,1.0,1.601307189542484
stress,v4.3,ISBTAcquisition,FirstOfferOrientedTBNegotiator,second,0.5121951219512194,1.0,1.5121951219512197
stress,v4.3,ISBTAcquisition,LastOfferOrientedTBNegotiator,first,0.6013071895424837,1.0,1.601307189542484
stress,v4.3,ISBTAcquisition,LastOfferOrientedTBNegotiator,second,0.5121951219512194,1.0,1.5121951219512197
stress,v4.3,Laptop,BoulwareTBNegotiator,first,0.5775524426410947,1.0,1.577552442641095
stress,v4.3,Laptop,BoulwareTBNegotiator,second,0.5136317604069089,1.0,1.513631760406909
stress,v4.3,Laptop,ConcederTBNegotiator,first,0.5859570071632079,0.3333333333333333,0.9192903404965412
stress,v4.3,Laptop,ConcederTBNegotiator,second,0.7081752943096516,1.0,1.7081752943096518
stress,v4.3,Laptop,LinearTBNegotiator,first,0.5170877393798076,1.0,1.517087739379808
stress,v4.3,Laptop,LinearTBNegotiator,second,0.5136317604069089,1.0,1.513631760406909
stress,v4.3,Laptop,ToughNegotiator,first,0.5775524426410947,1.0,1.577552442641095
stress,v4.3,Laptop,ToughNegotiator,second,0.5136317604069089,1.0,1.513631760406909
stress,v4.3,Laptop,TimeBasedNegotiator,first,0.6422194281634384,1.0,1.6422194281634386
stress,v4.3,Laptop,TimeBasedNegotiator,second,0.5136317604069089,1.0,1.513631760406909
stress,v4.3,Laptop,AspirationNegotiator,first,0.5775524426410947,1.0,1.577552442641095
stress,v4.3,Laptop,AspirationNegotiator,second,0.5136317604069089,1.0,1.513631760406909
stress,v4.3,Laptop,HybridNegotiator,first,0.5473200910104512,0.6666666666666666,1.213986757677118
stress,v4.3,Laptop,HybridNegotiator,second,0.6241066026691209,1.0,1.6241066026691209
stress,v4.3,Laptop,RandomNegotiator,first,0.16603302122756528,0.3333333333333333,0.4993663545608986
stress,v4.3,Laptop,RandomNegotiator,second,0.6315626890658077,1.0,1.6315626890658077
stress,v4.3,Laptop,NaiveTitForTatNegotiator,first,0.5775524426410947,0.2281452803387678,0.8056977229798625
stress,v4.3,Laptop,NaiveTitForTatNegotiator,second,0.7215724357829162,0.6887441048706426,1.410316540653559
stress,v4.3,Laptop,SimpleTitForTatNegotiator,first,0.5473200910104512,0.68576935893683,1.233089449947281
stress,v4.3,Laptop,SimpleTitForTatNegotiator,second,0.6623573654646747,0.6932670477187611,1.3556244131834359
stress,v4.3,Laptop,FirstOfferOrientedTBNegotiator,first,0.5775524426410947,1.0,1.577552442641095
stress,v4.3,Laptop,FirstOfferOrientedTBNegotiator,second,0.5136317604069089,1.0,1.513631760406909
stress,v4.3,Laptop,LastOfferOrientedTBNegotiator,first,0.5775524426410947,0.6666666666666666,1.2442191093077615
stress,v4.3,Laptop,LastOfferOrientedTBNegotiator,second,0.5136317604069089,1.0,1.513631760406909
stress,v4.3,NiceOrDie,BoulwareTBNegotiator,first,0.0,1.0,1.0
stress,v4.3,NiceOrDie,BoulwareTBNegotiator,second,0.0,1.0,1.0
stress,v4.3,NiceOrDie,ConcederTBNegotiator,first,0.1654761904761905,1.0,1.1654761904761906
stress,v4.3,NiceOrDie,ConcederTBNegotiator,second,0.1654761904761905,1.0,1.1654761904761906
stress,v4.3,NiceOrDie,LinearTBNegotiator,first,0.1654761904761905,1.0,1.1654761904761906
stress,v4.3,NiceOrDie,LinearTBNegotiator,second,0.1654761904761905,1.0,1.1654761904761906
stress,v4.3,NiceOrDie,ToughNegotiator,first,0.0,1.0,1.0
stress,v4.3,NiceOrDie,ToughNegotiator,second,0.0,1.0,1.0
stress,v4.3,NiceOrDie,TimeBasedNegotiator,first,0.0,1.0,1.0
stress,v4.3,NiceOrDie,TimeBasedNegotiator,second,0.0,1.0,1.0
stress,v4.3,NiceOrDie,AspirationNegotiator,first,0.0,1.0,1.0
stress,v4.3,NiceOrDie,AspirationNegotiator,second,0.0,1.0,1.0
stress,v4.3,NiceOrDie,HybridNegotiator,first,0.0,1.0,1.0
stress,v4.3,NiceOrDie,HybridNegotiator,second,0.0,1.0,1.0
stress,v4.3,NiceOrDie,RandomNegotiator,first,0.055158730158730164,0.0,0.055158730158730164
stress,v4.3,NiceOrDie,RandomNegotiator,second,0.7218253968253968,1.0,1.7218253968253967
stress,v4.3,NiceOrDie,NaiveTitForTatNegotiator,first,0.1654761904761905,0.47595917942265425,0.6414353698988446
stress,v4.3,NiceOrDie,NaiveTitForTatNegotiator,second,0.1654761904761905,0.47595917942265425,0.6414353698988446
stress,v4.3,NiceOrDie,SimpleTitForTatNegotiator,first,0.1654761904761905,0.47595917942265425,0.6414353698988446
stress,v4.3,NiceOrDie,SimpleTitForTatNegotiator,second,0.1654761904761905,0.47595917942265425,0.6414353698988446
stress,v4.3,NiceOrDie,FirstOfferOrientedTBNegotiator,first,0.0,1.0,1.0
stress,v4.3,NiceOrDie,FirstOfferOrientedTBNegotiator,second,0.0,1.0,1.0
stress,v4.3,NiceOrDie,LastOfferOrientedTBNegotiator,first,0.0,1.0,1.0
stress,v4.3,NiceOrDie,LastOfferOrientedTBNegotiator,second,0.0,1.0,1.0
stress,v3,Amsterdam,BoulwareTBNegotiator,first,0.7100371747211897,1.0,1.7100371747211895
stress,v3,Amsterdam,BoulwareTBNegotiator,second,0.6198630136986301,1.0,1.61986301369863
stress,v3,Amsterdam,ConcederTBNegotiator,first,0.7546468401486989,1.0,1.754646840148699
stress,v3,Amsterdam,ConcederTBNegotiator,second,0.6267123287671232,1.0,1.6267123287671232
stress,v3,Amsterdam,LinearTBNegotiator,first,0.5315985130111524,1.0,1.5315985130111525
stress,v3,Amsterdam,LinearTBNegotiator,second,0.6141552511415523,1.0,1.6141552511415524
stress,v3,Amsterdam,ToughNegotiator,first,0.30855018587360594,1.0,1.308550185873606
stress,v3,Amsterdam,ToughNegotiator,second,0.47260273972602734,1.0,1.4726027397260273
stress,v3,Amsterdam,TimeBasedNegotiator,first,0.7100371747211897,1.0,1.7100371747211895
stress,v3,Amsterdam,TimeBasedNegotiator,second,0.6210045662100456,1.0,1.6210045662100458
stress,v3,Amsterdam,AspirationNegotiator,first,0.7100371747211897,1.0,1.7100371747211895
stress,v3,Amsterdam,AspirationNegotiator,second,0.6198630136986301,1.0,1.61986301369863
stress,v3,Amsterdam,HybridNegotiator,first,0.5600991325898389,1.0,1.5600991325898388
stress,v3,Amsterdam,HybridNegotiator,second,0.6461187214611871,1.0,1.6461187214611872
stress,v3,Amsterdam,RandomNegotiator,first,0.4126394052044609,0.6666666666666666,1.0793060718711276
stress,v3,Amsterdam,RandomNegotiator,second,0.6004566210045662,1.0,1.6004566210045663
stress,v3,Amsterdam,NaiveTitForTatNegotiator,first,0.48203221809169766,0.5407547682090845,1.0227869863007821
stress,v3,Amsterdam,NaiveTitForTatNegotiator,second,0.5684931506849314,0.5589356575319114,1.1274288082168429
stress,v3,Amsterdam,SimpleTitForTatNegotiator,first,0.5254027261462205,0.5414957996676385,1.066898525813859
stress,v3,Amsterdam,SimpleTitForTatNegotiator,second,0.617579908675799,0.5687412444858735,1.1863211531616724
stress,v3,Amsterdam,FirstOfferOrientedTBNegotiator,first,0.7100371747211897,1.0,1.7100371747211895
stress,v3,Amsterdam,FirstOfferOrientedTBNegotiator,second,0.6198630136986301,1.0,1.61986301369863
stress,v3,Amsterdam,LastOfferOrientedTBNegotiator,first,0.7100371747211897,1.0,1.7100371747211895
stress,v3,Amsterdam,LastOfferOrientedTBNegotiator,second,0.6381278538812786,1.0,1.6381278538812785
stress,v3,Camera,BoulwareTBNegotiator,first,0.5910901643943219,1.0,1.5910901643943218
stress,v3,Camera,BoulwareTBNegotiator,second,0.6382571023910689,1.0,1.638257102391069
stress,v3,Camera,ConcederTBNegotiator,first,0.8845312236997138,1.0,1.8845312236997138
stress,v3,Camera,ConcederTBNegotiator,second,0.614846288427893,1.0,1.6148462884278931
stress,v3,Camera,LinearTBNegotiator,first,0.6241373506143746,1.0,1.6241373506143748
stress,v3,Camera,LinearTBNegotiator,second,0.5478630342414398,1.0,1.5478630342414397
stress,v3,Camera,ToughNegotiator,first,0.26931493014644,1.0,1.26931493014644
stress,v3,Camera,ToughNegotiator,second,0.4558860284928768,1.0,1.4558860284928767
stress,v3,Camera,TimeBasedNegotiator,first,0.6204342703248611,1.0,1.6204342703248613
stress,v3,Camera,TimeBasedNegotiator,second,0.6150129134383072,1.0,1.615012913438307
stress,v3,Camera,AspirationNegotiator,first,0.6805251641137855,1.0,1.6805251641137857
stress,v3,Camera,AspirationNegotiator,second,0.6285095392818464,1.0,1.6285095392818463
stress,v3,Camera,HybridNegotiator,first,0.613028109745834,1.0,1.6130281097458339
stress,v3,Camera,HybridNegotiator,second,0.5841039740064985,1.0,1.5841039740064984
stress,v3,Camera,RandomNegotiator,first,0.38175391348257864,0.6666666666666666,1.0484205801492452
stress,v3,Camera,RandomNegotiator,second,0.6770807298175456,1.0,1.6770807298175459
stress,v3,Camera,NaiveTitForTatNegotiator,first,0.4824103686248106,0.6209132639743158,1.1033236325991262
stress,v3,Camera,NaiveTitForTatNegotiator,second,0.609097725568608,0.6139416035863784,1.2230393291549864
stress,v3,Camera,SimpleTitForTatNegotiator,first,0.5574819054031308,0.6182238976820411,1.1757058030851717
stress,v3,Camera,SimpleTitForTatNegotiator,second,0.5523619095226193,0.604889409137364,1.1572513186599835
stress,v3,Camera,FirstOfferOrientedTBNegotiator,first,0.5910901643943219,1.0,1.5910901643943218
stress,v3,Camera,FirstOfferOrientedTBNegotiator,second,0.6063484128967759,1.0,1.606348412896776
stress,v3,Camera,LastOfferOrientedTBNegotiator,first,0.6204342703248611,1.0,1.6204342703248613
stress,v3,Camera,LastOfferOrientedTBNegotiator,second,0.62476047654753,1.0,1.6247604765475299
stress,v3,Car,BoulwareTBNegotiator,first,0.8519000000000001,1.0,1.8518999999999999
stress,v3,Car,BoulwareTBNegotiator,second,0.8616000000000001,1.0,1.8616000000000001
stress,v3,Car,ConcederTBNegotiator,first,0.6093666666666667,0.0,0.6093666666666667
stress,v3,Car,ConcederTBNegotiator,second,0.9788,1.0,1.9788
stress,v3,Car,LinearTBNegotiator,first,0.7782333333333334,1.0,1.7782333333333333
stress,v3,Car,LinearTBNegotiator,second,0.6538666666666668,1.0,1.6538666666666668
stress,v3,Car,ToughNegotiator,first,0.0,1.0,1.0
stress,v3,Car,ToughNegotiator,second,0.0,1.0,1.0
stress,v3,Car,TimeBasedNegotiator,first,0.7756333333333334,1.0,1.7756333333333334
stress,v3,Car,TimeBasedNegotiator,second,0.7830666666666669,1.0,1.7830666666666668
stress,v3,Car,AspirationNegotiator,first,0.7341666666666667,1.0,1.7341666666666669
stress,v3,Car,AspirationNegotiator,second,0.8716000000000003,1.0,1.8716000000000002
stress,v3,Car,HybridNegotiator,first,0.8013666666666669,1.0,1.8013666666666668
stress,v3,Car,HybridNegotiator,second,0.8524000000000002,1.0,1.8524
stress,v3,Car,RandomNegotiator,first,0.8480333333333334,0.6666666666666666,1.5147000000000002
stress,v3,Car,RandomNegotiator,second,0.6105333333333333,1.0,1.6105333333333334
stress,v3,Car,NaiveTitForTatNegotiator,first,0.6876333333333333,0.48566529047784424,1.1732986238111778
stress,v3,Car,NaiveTitForTatNegotiator,second,0.6774666666666667,0.4919636673487162,1.1694303340153829
stress,v3,Car,SimpleTitForTatNegotiator,first,0.6894,0.48566529047784424,1.1750652904778442
stress,v3,Car,SimpleTitForTatNegotiator,second,0.7747333333333334,0.4919636673487162,1.2666970006820495
stress,v3,Car,FirstOfferOrientedTBNegotiator,first,0.8048666666666667,1.0,1.8048666666666666
stress,v3,Car,FirstOfferOrientedTBNegotiator,second,0.8616000000000001,1.0,1.8616000000000001
stress,v3,Car,LastOfferOrientedTBNegotiator,first,0.7552666666666669,1.0,1.7552666666666668
stress,v3,Car,LastOfferOrientedTBNegotiator,second,0.7902666666666668,1.0,1.790266666666667
stress,v3,Grocery,BoulwareTBNegotiator,first,0.7055555555555557,1.0,1.7055555555555557
stress,v3,Grocery,BoulwareTBNegotiator,second,0.7500000000000001,1.0,1.75
stress,v3,Grocery,ConcederTBNegotiator,first,0.5537037037037038,0.6666666666666666,1.2203703703703705
stress,v3,Grocery,ConcederTBNegotiator,second,0.638888888888889,1.0,1.6388888888888886
stress,v3,Grocery,LinearTBNegotiator,first,0.588888888888889,1.0,1.5888888888888892
stress,v3,Grocery,LinearTBNegotiator,second,0.7500000000000001,1.0,1.75
stress,v3,Grocery,ToughNegotiator,first,0.388888888888889,1.0,1.3888888888888886
stress,v3,Grocery,ToughNegotiator,second,0.47222222222222227,1.0,1.4722222222222223
stress,v3,Grocery,TimeBasedNegotiator,first,0.6685185185185186,1.0,1.6685185185185187
stress,v3,Grocery,TimeBasedNegotiator,second,0.7500000000000001,1.0,1.75
stress,v3,Grocery,AspirationNegotiator,first,0.588888888888889,1.0,1.5888888888888892
stress,v3,Grocery,AspirationNegotiator,second,0.7500000000000001,1.0,1.75
stress,v3,Grocery,HybridNegotiator,first,0.65,1.0,1.6500000000000001
stress,v3,Grocery,HybridNegotiator,second,0.6351851851851852,1.0,1.635185185185185
stress,v3,Grocery,RandomNegotiator,first,0.43888888888888894,0.6666666666666666,1.1055555555555556
stress,v3,Grocery,RandomNegotiator,second,0.16666666666666666,1.0,1.1666666666666667
stress,v3,Grocery,NaiveTitForTatNegotiator,first,0.4870370370370371,0.6276934108072156,1.1147304478442528
stress,v3,Grocery,NaiveTitForTatNegotiator,second,0.587037037037037,0.6400603550999319,1.227097392136969
stress,v3,Grocery,SimpleTitForTatNegotiator,first,0.5740740740740742,0.628511429068212,1.2025855031422863
stress,v3,Grocery,SimpleTitForTatNegotiator,second,0.5685185185185185,0.6445776336017593,1.213096152120278
stress,v3,Grocery,FirstOfferOrientedTBNegotiator,first,0.6666666666666669,1.0,1.6666666666666667
stress,v3,Grocery,FirstOfferOrientedTBNegotiator,second,0.7500000000000001,1.0,1.75
stress,v3,Grocery,LastOfferOrientedTBNegotiator,first,0.7055555555555557,1.0,1.7055555555555557
stress,v3,Grocery,LastOfferOrientedTBNegotiator,second,0.7500000000000001,1.0,1.75
stress,v3,ISBTAcquisition,BoulwareTBNegotiator,first,0.5969498910675383,1.0,1.5969498910675384
stress,v3,ISBTAcquisition,BoulwareTBNegotiator,second,0.5121951219512194,1.0,1.5121951219512197
stress,v3,ISBTAcquisition,ConcederTBNegotiator,first,0.49673202614379086,0.3333333333333333,0.8300653594771242
stress,v3,ISBTAcquisition,ConcederTBNegotiator,second,0.6097560975609756,1.0,1.6097560975609755
stress,v3,ISBTAcquisition,LinearTBNegotiator,first,0.5359477124183007,1.0,1.5359477124183007
stress,v3,ISBTAcquisition,LinearTBNegotiator,second,0.5162601626016259,1.0,1.516260162601626
stress,v3,ISBTAcquisition,ToughNegotiator,first,0.3398692810457516,1.0,1.3398692810457515
stress,v3,ISBTAcquisition,ToughNegotiator,second,0.5121951219512194,1.0,1.5121951219512197
stress,v3,ISBTAcquisition,TimeBasedNegotiator,first,0.6862745098039215,1.0,1.6862745098039216
stress,v3,ISBTAcquisition,TimeBasedNegotiator,second,0.5121951219512194,1.0,1.5121951219512197
stress,v3,ISBTAcquisition,AspirationNegotiator,first,0.710239651416122,1.0,1.7102396514161218
stress,v3,ISBTAcquisition,AspirationNegotiator,second,0.5121951219512194,1.0,1.5121951219512197
stress,v3,ISBTAcquisition,HybridNegotiator,first,0.6470588235294117,1.0,1.647058823529412
stress,v3,ISBTAcquisition,HybridNegotiator,second,0.5121951219512194,1.0,1.5121951219512197
stress,v3,ISBTAcquisition,RandomNegotiator,first,0.5403050108932462,1.0,1.5403050108932461
stress,v3,ISBTAcquisition,RandomNegotiator,second,0.6585365853658536,1.0,1.6585365853658536
stress,v3,ISBTAcquisition,NaiveTitForTatNegotiator,first,0.5468409586056645,0.5908972045950883,1.1377381632007528
stress,v3,ISBTAcquisition,NaiveTitForTatNegotiator,second,0.5121951219512194,0.5964173630080392,1.1086124849592585
stress,v3,ISBTAcquisition,SimpleTitForTatNegotiator,first,0.5533769063180828,0.5927681653771518,1.1461450716952346
stress,v3,ISBTAcquisition,SimpleTitForTatNegotiator,second,0.5243902439024389,0.5964173630080392,1.120807606910478
stress,v3,ISBTAcquisition,FirstOfferOrientedTBNegotiator,first,0.6775599128540305,1.0,1.6775599128540304
stress,v3,ISBTAcquisition,FirstOfferOrientedTBNegotiator,second,0.5121951219512194,1.0,1.5121951219512197
stress,v3,ISBTAcquisition,LastOfferOrientedTBNegotiator,first,0.7516339869281046,1.0,1.7516339869281046
stress,v3,ISBTAcquisition,LastOfferOrientedTBNegotiator,second,0.5121951219512194,1.0,1.5121951219512197
stress,v3,Laptop,BoulwareTBNegotiator,first,0.5775524426410947,1.0,1.577552442641095
stress,v3,Laptop,BoulwareTBNegotiator,second,0.5136317604069089,1.0,1.513631760406909
stress,v3,Laptop,ConcederTBNegotiator,first,0.6506239926855515,0.6666666666666666,1.3172906593522182
stress,v3,Laptop,ConcederTBNegotiator,second,0.7670022323030451,1.0,1.767002232303045
stress,v3,Laptop,LinearTBNegotiator,first,0.5775524426410947,1.0,1.577552442641095
stress,v3,Laptop,LinearTBNegotiator,second,0.5136317604069089,1.0,1.513631760406909
stress,v3,Laptop,ToughNegotiator,first,0.5775524426410947,1.0,1.577552442641095
stress,v3,Laptop,ToughNegotiator,second,0.5136317604069089,1.0,1.513631760406909
stress,v3,Laptop,TimeBasedNegotiator,first,0.5775524426410947,1.0,1.577552442641095
stress,v3,Laptop,TimeBasedNegotiator,second,0.5136317604069089,1.0,1.513631760406909
stress,v3,Laptop,AspirationNegotiator,first,0.5775524426410947,1.0,1.577552442641095
stress,v3,Laptop,AspirationNegotiator,second,0.5136317604069089,1.0,1.513631760406909
stress,v3,Laptop,HybridNegotiator,first,0.5775524426410947,1.0,1.577552442641095
stress,v3,Laptop,HybridNegotiator,second,0.6241066026691209,1.0,1.6241066026691209
stress,v3,Laptop,RandomNegotiator,first,0.4611838286913545,0.6666666666666666,1.127850495358021
stress,v3,Laptop,RandomNegotiator,second,0.8576771640171134,1.0,1.8576771640171135
stress,v3,Laptop,NaiveTitForTatNegotiator,first,0.5775524426410947,0.45762407859806215,1.0351765212391568
stress,v3,Laptop,NaiveTitForTatNegotiator,second,0.577900541499296,0.6905761513947501,1.268476692894046
stress,v3,Laptop,SimpleTitForTatNegotiator,first,0.5775524426410947,0.45762407859806215,1.0351765212391568
stress,v3,Laptop,SimpleTitForTatNegotiator,second,0.5522706555273108,0.6932670477187611,1.245537703246072
stress,v3,Laptop,FirstOfferOrientedTBNegotiator,first,0.5775524426410947,1.0,1.577552442641095
stress,v3,Laptop,FirstOfferOrientedTBNegotiator,second,0.5136317604069089,1.0,1.513631760406909
stress,v3,Laptop,LastOfferOrientedTBNegotiator,first,0.5775524426410947,1.0,1.577552442641095
stress,v3,Laptop,LastOfferOrientedTBNegotiator,second,0.5136317604069089,1.0,1.513631760406909
stress,v3,NiceOrDie,BoulwareTBNegotiator,first,0.1654761904761905,1.0,1.1654761904761906
stress,v3,NiceOrDie,BoulwareTBNegotiator,second,0.1654761904761905,1.0,1.1654761904761906
stress,v3,NiceOrDie,ConcederTBNegotiator,first,0.1654761904761905,1.0,1.1654761904761906
stress,v3,NiceOrDie,ConcederTBNegotiator,second,0.1654761904761905,1.0,1.1654761904761906
stress,v3,NiceOrDie,LinearTBNegotiator,first,0.1654761904761905,1.0,1.1654761904761906
stress,v3,NiceOrDie,LinearTBNegotiator,second,0.1654761904761905,1.0,1.1654761904761906
stress,v3,NiceOrDie,ToughNegotiator,first,0.0,1.0,1.0
stress,v3,NiceOrDie,ToughNegotiator,second,0.0,1.0,1.0
stress,v3,NiceOrDie,TimeBasedNegotiator,first,0.1654761904761905,1.0,1.1654761904761906
stress,v3,NiceOrDie,TimeBasedNegotiator,second,0.1654761904761905,1.0,1.1654761904761906
stress,v3,NiceOrDie,AspirationNegotiator,first,0.1654761904761905,1.0,1.1654761904761906
stress,v3,NiceOrDie,AspirationNegotiator,second,0.1654761904761905,1.0,1.1654761904761906
stress,v3,NiceOrDie,HybridNegotiator,first,0.0,1.0,1.0
stress,v3,NiceOrDie,HybridNegotiator,second,0.0,1.0,1.0
stress,v3,NiceOrDie,RandomNegotiator,first,0.4436507936507937,1.0,1.4436507936507936
stress,v3,NiceOrDie,RandomNegotiator,second,0.4436507936507937,1.0,1.4436507936507936
stress,v3,NiceOrDie,NaiveTitForTatNegotiator,first,0.1654761904761905,0.47595917942265425,0.6414353698988446
stress,v3,NiceOrDie,NaiveTitForTatNegotiator,second,0.1654761904761905,0.47595917942265425,0.6414353698988446
stress,v3,NiceOrDie,SimpleTitForTatNegotiator,first,0.1654761904761905,0.47595917942265425,0.6414353698988446
stress,v3,NiceOrDie,SimpleTitForTatNegotiator,second,0.1654761904761905,0.47595917942265425,0.6414353698988446
stress,v3,NiceOrDie,FirstOfferOrientedTBNegotiator,first,0.1654761904761905,1.0,1.1654761904761906
stress,v3,NiceOrDie,FirstOfferOrientedTBNegotiator,second,0.1654761904761905,1.0,1.1654761904761906
stress,v3,NiceOrDie,LastOfferOrientedTBNegotiator,first,0.1654761904761905,1.0,1.1654761904761906
stress,v3,NiceOrDie,LastOfferOrientedTBNegotiator,second,0.1654761904761905,1.0,1.1654761904761906
sparring,v4.2,Amsterdam,ShochanLite,first,0.5638166047087979,0.5306223516988715,1.0944389564076695
sparring,v4.2,Amsterdam,ShochanLite,second,0.730593607305936,0.6832005776211161,1.413794184927052
sparring,v4.2,Amsterdam,UOAgentLite,first,0.5477075588599752,0.5111875741749352,1.0588951330349106
sparring,v4.2,Amsterdam,UOAgentLite,second,0.589041095890411,0.6852925381920709,1.2743336340824818
sparring,v4.2,Amsterdam,RentingLite,first,0.6728624535315985,0.5290801482254892,1.2019426017570878
sparring,v4.2,Amsterdam,RentingLite,second,0.5570776255707762,0.5210670461501343,1.0781446717209104
sparring,v4.2,Amsterdam,LearnerStrong,first,0.7100371747211897,0.5714233813186138,1.2814605560398036
sparring,v4.2,Amsterdam,LearnerStrong,second,0.6198630136986301,0.5550963701174181,1.174959383816048
sparring,v4.2,Amsterdam,MirrorAgent,first,0.5266418835192069,0.3351442149290739,0.8617860984482809
sparring,v4.2,Amsterdam,MirrorAgent,second,0.6164383561643835,0.5083901965036115,1.124828552667995
sparring,v4.2,Camera,ShochanLite,first,0.6767098692700445,0.5429953063600749,1.2197051756301194
sparring,v4.2,Camera,ShochanLite,second,0.6854119803382487,0.505541510457448,1.190953490795697
sparring,v4.2,Camera,UOAgentLite,first,0.6029287998653424,0.5360275208730664,1.138956320738409
sparring,v4.2,Camera,UOAgentLite,second,0.6232608514538032,0.6698194495428552,1.2930803009966583
sparring,v4.2,Camera,RentingLite,first,0.6078101329742468,0.5549883006684998,1.1627984336427466
sparring,v4.2,Camera,RentingLite,second,0.6763309172706823,0.48546864684365604,1.1617995641143384
sparring,v4.2,Camera,LearnerStrong,first,0.6204342703248611,0.5423192000504525,1.1627534703753135
sparring,v4.2,Camera,LearnerStrong,second,0.6210114138132136,0.5415504106885796,1.162561824501793
sparring,v4.2,Camera,MirrorAgent,first,0.4955394714694495,0.3627539251444028,0.8582933966138523
sparring,v4.2,Camera,MirrorAgent,second,0.5504457219028577,0.8275034337599761,1.3779491556628338
sparring,v4.2,Car,ShochanLite,first,0.8699333333333334,0.5656631371601093,1.4355964704934427
sparring,v4.2,Car,ShochanLite,second,0.8858666666666668,0.4723357428995179,1.3582024095661847
sparring,v4.2,Car,UOAgentLite,first,0.9044333333333334,0.5663365127323086,1.470769846065642
sparring,v4.2,Car,UOAgentLite,second,0.8085333333333334,0.8265798775290594,1.635113210862393
sparring,v4.2,Car,RentingLite,first,0.8170333333333334,0.5437911128439663,1.3608244461772996
sparring,v4.2,Car,RentingLite,second,0.9385333333333334,1.0,1.9385333333333332
sparring,v4.2,Car,LearnerStrong,first,0.8519000000000001,0.6668655381931057,1.5187655381931056
sparring,v4.2,Car,LearnerStrong,second,0.7962666666666668,0.568032772710361,1.364299439377028
sparring,v4.2,Car,MirrorAgent,first,0.6986,0.0,0.6986
sparring,v4.2,Car,MirrorAgent,second,0.9099333333333335,1.0,1.9099333333333337
sparring,v4.2,Grocery,ShochanLite,first,0.6666666666666666,0.5154406576901648,1.1821073243568314
sparring,v4.2,Grocery,ShochanLite,second,0.725925925925926,0.6613346629465118,1.3872605888724376
sparring,v4.2,Grocery,UOAgentLite,first,0.7240740740740742,0.5410749162271703,1.2651489903012445
sparring,v4.2,Grocery,UOAgentLite,second,0.8537037037037036,0.5024912642199119,1.3561949679236154
sparring,v4.2,Grocery,RentingLite,first,0.6166666666666667,0.5255534691122753,1.142220135778942
sparring,v4.2,Grocery,RentingLite,second,0.7333333333333333,0.6549729079874683,1.3883062413208016
sparring,v4.2,Grocery,LearnerStrong,first,0.6277777777777779,0.5443512994194813,1.1721290771972592
sparring,v4.2,Grocery,LearnerStrong,second,0.7500000000000001,0.5627557172019353,1.3127557172019355
sparring,v4.2,Grocery,MirrorAgent,first,0.5722222222222223,0.5216078980829688,1.093830120305191
sparring,v4.2,Grocery,MirrorAgent,second,0.6611111111111111,0.6730863398852844,1.3341974509963954
sparring,v4.2,ISBTAcquisition,ShochanLite,first,0.5708061002178649,0.5543762412112839,1.1251823414291489
sparring,v4.2,ISBTAcquisition,ShochanLite,second,0.670731707317073,0.6815111831920548,1.3522428905091282
sparring,v4.2,ISBTAcquisition,UOAgentLite,first,0.6753812636165577,0.537150334965955,1.212531598582513
sparring,v4.2,ISBTAcquisition,UOAgentLite,second,0.7520325203252032,0.7116167987281065,1.4636493190533095
sparring,v4.2,ISBTAcquisition,RentingLite,first,0.6013071895424836,0.5281711156875564,1.1294783052300401
sparring,v4.2,ISBTAcquisition,RentingLite,second,0.7682926829268292,0.8455166214379383,1.6138093043647677
sparring,v4.2,ISBTAcquisition,LearnerStrong,first,0.5686274509803922,0.5584409022217606,1.1270683532021528
sparring,v4.2,ISBTAcquisition,LearnerStrong,second,0.5121951219512194,1.0,1.5121951219512197
sparring,v4.2,ISBTAcquisition,MirrorAgent,first,0.8104575163398694,0.4943125941437101,1.3047701104835794
sparring,v4.2,ISBTAcquisition,MirrorAgent,second,0.6341463414634146,0.6615481268775067,1.2956944683409213
sparring,v4.2,Laptop,ShochanLite,first,0.8289517959163879,0.5308776441783927,1.3598294400947806
sparring,v4.2,Laptop,ShochanLite,second,0.9223340774343484,0.8350020012648058,1.7573360786991543
sparring,v4.2,Laptop,UOAgentLite,first,0.7153019885410381,0.5480885784385258,1.2633905669795638
sparring,v4.2,Laptop,UOAgentLite,second,0.7930202505998784,0.4817128798321673,1.2747331304320457
sparring,v4.2,Laptop,RentingLite,first,0.6579035918327759,0.33945399461729914,0.9973575864500752
sparring,v4.2,Laptop,RentingLite,second,0.8833070499890986,0.8244075060050621,1.7077145559941609
sparring,v4.2,Laptop,LearnerStrong,first,0.5775524426410947,0.5889346547273658,1.1664870973684607
sparring,v4.2,Laptop,LearnerStrong,second,0.5136317604069089,0.6995966871900529,1.213228447596962
sparring,v4.2,Laptop,MirrorAgent,first,0.5974388885714889,0.3399242762045383,0.9373631647760271
sparring,v4.2,Laptop,MirrorAgent,second,0.5909095506477126,0.49041203204146094,1.0813215826891736
sparring,v4.2,NiceOrDie,ShochanLite,first,0.1654761904761905,0.5,0.6654761904761906
sparring,v4.2,NiceOrDie,ShochanLite,second,0.1654761904761905,1.0,1.1654761904761906
sparring,v4.2,NiceOrDie,UOAgentLite,first,0.0,0.5766967202589003,0.5766967202589003
sparring,v4.2,NiceOrDie,UOAgentLite,second,0.0,0.5095383597014029,0.5095383597014029
sparring,v4.2,NiceOrDie,RentingLite,first,0.1654761904761905,0.5,0.6654761904761906
sparring,v4.2,NiceOrDie,RentingLite,second,0.1654761904761905,1.0,1.1654761904761906
sparring,v4.2,NiceOrDie,LearnerStrong,first,0.0,0.5766967202589003,0.5766967202589003
sparring,v4.2,NiceOrDie,LearnerStrong,second,0.0,0.5766967202589003,0.5766967202589003
sparring,v4.2,NiceOrDie,MirrorAgent,first,0.1654761904761905,0.0,0.1654761904761905
sparring,v4.2,NiceOrDie,MirrorAgent,second,0.1654761904761905,1.0,1.1654761904761906
sparring,v4.3,Amsterdam,ShochanLite,first,0.6356877323420075,0.5238487686558339,1.1595365009978411
sparring,v4.3,Amsterdam,ShochanLite,second,0.7214611872146118,0.5433392705315988,1.2648004577462106
sparring,v4.3,Amsterdam,UOAgentLite,first,0.6158612143742255,0.5353199524246629,1.1511811667988885
sparring,v4.3,Amsterdam,UOAgentLite,second,0.6221461187214611,0.8352383429369507,1.4573844616584115
sparring,v4.3,Amsterdam,RentingLite,first,0.6604708798017348,0.5134832516816453,1.1739541314833803
sparring,v4.3,Amsterdam,RentingLite,second,0.5742009132420091,0.5182040227917243,1.0924049360337333
sparring,v4.3,Amsterdam,LearnerStrong,first,0.6877323420074349,0.5648407584013849,1.2525731004088199
sparring,v4.3,Amsterdam,LearnerStrong,second,0.6426940639269405,0.5765239159832876,1.219217979910228
sparring,v4.3,Amsterdam,MirrorAgent,first,0.573729863692689,0.5227717190446194,1.0965015827373084
sparring,v4.3,Amsterdam,MirrorAgent,second,0.5799086757990867,0.6556704934612837,1.2355791692603704
sparring,v4.3,Camera,ShochanLite,first,0.7350053301913259,0.5569250750193654,1.2919304052106912
sparring,v4.3,Camera,ShochanLite,second,0.5623594101474632,0.49170338366191174,1.054062793809375
sparring,v4.3,Camera,UOAgentLite,first,0.7086910172249342,0.5216034172874866,1.2302944345124207
sparring,v4.3,Camera,UOAgentLite,second,0.6764142297758894,0.6752055139733321,1.3516197437492217
sparring,v4.3,Camera,RentingLite,first,0.6653200920159345,0.5277934809731306,1.193113572989065
sparring,v4.3,Camera,RentingLite,second,0.5886028492876781,0.4840948632259529,1.0726977125136308
sparring,v4.3,Camera,LearnerStrong,first,0.6204342703248611,0.5457624677613322,1.1661967380861933
sparring,v4.3,Camera,LearnerStrong,second,0.6247604765475299,0.5409283687778955,1.1656888453254253
sparring,v4.3,Camera,MirrorAgent,first,0.7254670930819728,0.5244705926824175,1.2499376857643902
sparring,v4.3,Camera,MirrorAgent,second,0.5312005332000335,0.4700836793850372,1.0012842125850705
sparring,v4.3,Car,ShochanLite,first,0.8816333333333334,0.5348676815143146,1.416501014847648
sparring,v4.3,Car,ShochanLite,second,0.8106000000000001,1.0,1.8106000000000002
sparring,v4.3,Car,UOAgentLite,first,0.8986000000000001,0.583911115595208,1.482511115595208
sparring,v4.3,Car,UOAgentLite,second,0.7941333333333334,1.0,1.7941333333333336
sparring,v4.3,Car,RentingLite,first,0.9262666666666668,0.5478978907649744,1.474164557431641
sparring,v4.3,Car,RentingLite,second,0.8751333333333334,0.8172480237571517,1.692381357090485
sparring,v4.3,Car,LearnerStrong,first,0.7767666666666667,0.6122240245433664,1.3889906912100332
sparring,v4.3,Car,LearnerStrong,second,0.7962666666666668,0.5646204400835381,1.3608871067502049
sparring,v4.3,Car,MirrorAgent,first,0.8361999999999999,0.0,0.8361999999999999
sparring,v4.3,Car,MirrorAgent,second,0.9102000000000001,1.0,1.9102000000000003
sparring,v4.3,Grocery,ShochanLite,first,0.5462962962962963,0.49645171806353855,1.0427480143598349
sparring,v4.3,Grocery,ShochanLite,second,0.8574074074074075,0.6467899100550808,1.504197317462488
sparring,v4.3,Grocery,UOAgentLite,first,0.7092592592592594,0.5301287141301991,1.2393879733894584
sparring,v4.3,Grocery,UOAgentLite,second,0.7888888888888889,0.5115731471823978,1.3004620360712866
sparring,v4.3,Grocery,RentingLite,first,0.5962962962962964,0.4985975433808374,1.0948938396771337
sparring,v4.3,Grocery,RentingLite,second,0.8074074074074075,0.49994518547773364,1.307352592885141
sparring,v4.3,Grocery,LearnerStrong,first,0.6666666666666669,0.5270307520788288,1.1936974187454956
sparring,v4.3,Grocery,LearnerStrong,second,0.7500000000000001,0.556486345597165,1.3064863455971651
sparring,v4.3,Grocery,MirrorAgent,first,0.5333333333333333,0.14741180863269204,0.6807451419660254
sparring,v4.3,Grocery,MirrorAgent,second,0.7277777777777779,0.8371460818154097,1.5649238595931874
sparring,v4.3,ISBTAcquisition,ShochanLite,first,0.5708061002178649,0.5244421885739637,1.0952482887918287
sparring,v4.3,ISBTAcquisition,ShochanLite,second,0.8170731707317072,0.5290010395691677,1.346074210300875
sparring,v4.3,ISBTAcquisition,UOAgentLite,first,0.738562091503268,0.5408145237972962,1.2793766153005643
sparring,v4.3,ISBTAcquisition,UOAgentLite,second,0.7195121951219511,0.833352064971896,1.5528642600938471
sparring,v4.3,ISBTAcquisition,RentingLite,first,0.5729847494553377,0.5294420202642945,1.1024267697196322
sparring,v4.3,ISBTAcquisition,RentingLite,second,0.7235772357723578,1.0,1.7235772357723576
sparring,v4.3,ISBTAcquisition,LearnerStrong,first,0.562091503267974,0.5586411969945763,1.1207327002625502
sparring,v4.3,ISBTAcquisition,LearnerStrong,second,0.5121951219512194,0.871849053589286,1.3840441755405053
sparring,v4.3,ISBTAcquisition,MirrorAgent,first,0.7276688453159043,0.49732509431959065,1.224993939635495
sparring,v4.3,ISBTAcquisition,MirrorAgent,second,0.7520325203252032,0.8358899458853745,1.5879224662105778
sparring,v4.3,Laptop,ShochanLite,first,0.7642848103940443,0.5087873261767862,1.2730721365708306
sparring,v4.3,Laptop,ShochanLite,second,0.7341933126064847,0.6707248214516507,1.4049181340581356
sparring,v4.3,Laptop,UOAgentLite,first,0.7528029289857633,0.5482753232796649,1.301078252265428
sparring,v4.3,Laptop,UOAgentLite,second,0.7930202505998784,0.8514392093853616,1.6444594599852398
sparring,v4.3,Laptop,RentingLite,first,0.8404336773246689,0.5304764412890348,1.3709101186137038
sparring,v4.3,Laptop,RentingLite,second,0.8576771640171134,0.6517949665430686,1.509472130560182
sparring,v4.3,Laptop,LearnerStrong,first,0.5775524426410947,0.40173178114878,0.9792842237898748
sparring,v4.3,Laptop,LearnerStrong,second,0.5136317604069089,0.5839517327079916,1.0975834931149007
sparring,v4.3,Laptop,MirrorAgent,first,0.6276712402021324,0.17205259930095287,0.7997238395030853
sparring,v4.3,Laptop,MirrorAgent,second,0.6825454083376664,0.653805355748298,1.3363507640859644
sparring,v4.3,NiceOrDie,ShochanLite,first,0.1654761904761905,0.5,0.6654761904761906
sparring,v4.3,NiceOrDie,ShochanLite,second,0.1654761904761905,1.0,1.1654761904761906
sparring,v4.3,NiceOrDie,UOAgentLite,first,0.0,0.5766967202589003,0.5766967202589003
sparring,v4.3,NiceOrDie,UOAgentLite,second,0.0,0.47595917942265425,0.47595917942265425
sparring,v4.3,NiceOrDie,RentingLite,first,0.1654761904761905,0.5,0.6654761904761906
sparring,v4.3,NiceOrDie,RentingLite,second,0.1654761904761905,1.0,1.1654761904761906
sparring,v4.3,NiceOrDie,LearnerStrong,first,0.0,0.5766967202589003,0.5766967202589003
sparring,v4.3,NiceOrDie,LearnerStrong,second,0.0,0.47595917942265425,0.47595917942265425
sparring,v4.3,NiceOrDie,MirrorAgent,first,0.1654761904761905,0.0,0.1654761904761905
sparring,v4.3,NiceOrDie,MirrorAgent,second,0.1654761904761905,1.0,1.1654761904761906
sparring,v3,Amsterdam,ShochanLite,first,0.6071871127633209,0.5371654505691371,1.1443525633324583
sparring,v3,Amsterdam,ShochanLite,second,0.5844748858447488,0.6972448531831613,1.28171973902791
sparring,v3,Amsterdam,UOAgentLite,first,0.5390334572490706,0.5117038511968793,1.05073730844595
sparring,v3,Amsterdam,UOAgentLite,second,0.6187214611872145,0.5159623570710128,1.1346838182582273
sparring,v3,Amsterdam,RentingLite,first,0.5526641883519207,0.5101771289446756,1.0628413172965965
sparring,v3,Amsterdam,RentingLite,second,0.613013698630137,0.8503872998250586,1.4634009984551957
sparring,v3,Amsterdam,LearnerStrong,first,0.7100371747211897,0.5457364514097547,1.2557736261309442
sparring,v3,Amsterdam,LearnerStrong,second,0.6198630136986301,0.5646457836002439,1.184508797298874
sparring,v3,Amsterdam,MirrorAgent,first,0.5576208178438662,0.5027982219990083,1.0604190398428743
sparring,v3,Amsterdam,MirrorAgent,second,0.5856164383561643,0.5046336055444046,1.090250043900569
sparring,v3,Camera,ShochanLite,first,0.6500028053638557,0.5553749575100279,1.2053777628738835
sparring,v3,Camera,ShochanLite,second,0.6150129134383072,0.49557162475620187,1.110584538194509
sparring,v3,Camera,UOAgentLite,first,0.6338439095550693,0.5330347041829804,1.1668786137380496
sparring,v3,Camera,UOAgentLite,second,0.6171790385736899,0.4805535910317125,1.0977326296054024
sparring,v3,Camera,RentingLite,first,0.5598945183190259,0.5472887234979472,1.1071832418169734
sparring,v3,Camera,RentingLite,second,0.6596684162292761,0.6597529062535045,1.3194213224827804
sparring,v3,Camera,LearnerStrong,first,0.6204342703248611,0.5300842723429193,1.1505185426677804
sparring,v3,Camera,LearnerStrong,second,0.6247604765475299,0.5476068008377399,1.1723672773852698
sparring,v3,Camera,MirrorAgent,first,0.6086517421309544,0.34747723396658875,0.9561289760975432
sparring,v3,Camera,MirrorAgent,second,0.5339498458718653,0.6515689967077098,1.1855188425795753
sparring,v3,Car,ShochanLite,first,0.8664666666666667,0.4890383669545802,1.355505033621247
sparring,v3,Car,ShochanLite,second,0.9447333333333333,0.8416794876154192,1.7864128209487526
sparring,v3,Car,UOAgentLite,first,0.7633333333333335,0.528077126505169,1.2914104598385026
sparring,v3,Car,UOAgentLite,second,0.8754666666666667,0.6538113859389316,1.5292780526055985
sparring,v3,Car,RentingLite,first,0.9461,0.4846313352456349,1.4307313352456348
sparring,v3,Car,RentingLite,second,0.8925333333333333,0.826075525697335,1.7186088590306685
sparring,v3,Car,LearnerStrong,first,0.8226666666666667,0.575844002826266,1.3985106694929328
sparring,v3,Car,LearnerStrong,second,0.7258666666666668,0.5758098153326703,1.301676481999337
sparring,v3,Car,MirrorAgent,first,0.7248000000000001,0.0,0.7248000000000001
sparring,v3,Car,MirrorAgent,second,0.9010666666666666,1.0,1.9010666666666667
sparring,v3,Grocery,ShochanLite,first,0.6000000000000001,0.5146394211484715,1.1146394211484718
sparring,v3,Grocery,ShochanLite,second,0.7462962962962963,0.6926701905221351,1.4389664868184315
sparring,v3,Grocery,UOAgentLite,first,0.5222222222222223,0.546761271525862,1.0689834937480844
sparring,v3,Grocery,UOAgentLite,second,0.7037037037037037,0.6551847451339721,1.3588884488376758
sparring,v3,Grocery,RentingLite,first,0.6407407407407407,0.5306281950274929,1.1713689357682338
sparring,v3,Grocery,RentingLite,second,0.8203703703703704,0.6730297650371003,1.4934001354074706
sparring,v3,Grocery,LearnerStrong,first,0.588888888888889,0.5078285019136514,1.0967173908025403
sparring,v3,Grocery,LearnerStrong,second,0.7500000000000001,0.5494707992985428,1.299470799298543
sparring,v3,Grocery,MirrorAgent,first,0.5537037037037038,0.3442275522173213,0.8979312559210252
sparring,v3,Grocery,MirrorAgent,second,0.674074074074074,0.6705987884933245,1.3446728625673987
sparring,v3,ISBTAcquisition,ShochanLite,first,0.6427015250544662,0.5129672724989128,1.155668797553379
sparring,v3,ISBTAcquisition,ShochanLite,second,0.6178861788617885,0.8463577394573756,1.4642439183191642
sparring,v3,ISBTAcquisition,UOAgentLite,first,0.6318082788671024,0.5005695112910239,1.1323777901581265
sparring,v3,ISBTAcquisition,UOAgentLite,second,0.695121951219512,0.6894437527237485,1.3845657039432606
sparring,v3,ISBTAcquisition,RentingLite,first,0.79520697167756,0.526794288570604,1.322001260248164
sparring,v3,ISBTAcquisition,RentingLite,second,0.7886178861788617,0.854518546309636,1.6431364324884976
sparring,v3,ISBTAcquisition,LearnerStrong,first,0.7233115468409586,0.5360311637521913,1.2593427105931496
sparring,v3,ISBTAcquisition,LearnerStrong,second,0.5121951219512194,0.8721172090457553,1.384312330996975
sparring,v3,ISBTAcquisition,MirrorAgent,first,0.6427015250544662,0.16510127001454228,0.8078027950690085
sparring,v3,ISBTAcquisition,MirrorAgent,second,0.7357723577235772,0.8290709404862012,1.5648432982097784
sparring,v3,Laptop,ShochanLite,first,0.7945171620246878,0.35699217821139273,1.1515093402360805
sparring,v3,Laptop,ShochanLite,second,0.6753663746130912,0.8225063730457877,1.4978727476588791
sparring,v3,Laptop,UOAgentLite,first,0.7455343401716816,0.529811777852167,1.275346118023849
sparring,v3,Laptop,UOAgentLite,second,0.753032297178743,1.0,1.753032297178743
sparring,v3,Laptop,RentingLite,first,0.7528029289857633,0.5711679945858085,1.3239709235715715
sparring,v3,Laptop,RentingLite,second,0.9093250682859318,0.8181572564619333,1.727482324747865
sparring,v3,Laptop,LearnerStrong,first,0.5775524426410947,0.580487880946645,1.1580403235877397
sparring,v3,Laptop,LearnerStrong,second,0.5136317604069089,0.7260168246865396,1.2396485850934484
sparring,v3,Laptop,MirrorAgent,first,0.5557246555325643,0.16157680166836394,0.7173014572009282
sparring,v3,Laptop,MirrorAgent,second,0.7858412168753032,0.6621733167652076,1.4480145336405108
sparring,v3,NiceOrDie,ShochanLite,first,0.1654761904761905,0.5,0.6654761904761906
sparring,v3,NiceOrDie,ShochanLite,second,0.1654761904761905,1.0,1.1654761904761906
sparring,v3,NiceOrDie,UOAgentLite,first,0.0,0.4839727862817695,0.4839727862817695
sparring,v3,NiceOrDie,UOAgentLite,second,0.0,0.47595917942265425,0.47595917942265425
sparring,v3,NiceOrDie,RentingLite,first,0.1654761904761905,0.5,0.6654761904761906
sparring,v3,NiceOrDie,RentingLite,second,0.1654761904761905,1.0,1.1654761904761906
sparring,v3,NiceOrDie,LearnerStrong,first,0.1654761904761905,0.5333333333333333,0.6988095238095239
sparring,v3,NiceOrDie,LearnerStrong,second,0.1654761904761905,0.5333333333333333,0.6988095238095239
sparring,v3,NiceOrDie,MirrorAgent,first,0.1654761904761905,0.0,0.1654761904761905
sparring,v3,NiceOrDie,MirrorAgent,second,0.1654761904761905,1.0,1.1654761904761906
